count,mean                   ,median                ,std                   ,min                    ,max                  ,q25                   ,q75                  ,positive_pct      ,missing_pct        ,category             ,feature
2466 ,84.21938361719384      ,90.0                  ,18.135978535200376    ,20.0                   ,100.0                ,75.0                  ,100.0                ,100.0             ,0.0                ,Accounting Quality   ,accounting_quality_score
2466 ,0.2802108678021087     ,0.0                   ,0.44919323233905256   ,0.0                    ,1.0                  ,0.0                   ,1.0                  ,28.02108678021087 ,0.0                ,Accounting Quality   ,asset_sale_boost
2466 ,0.3718572587185726     ,0.0                   ,0.6155545970664195    ,0.0                    ,3.0                  ,0.0                   ,1.0                  ,30.5352798053528  ,0.0                ,Accounting Quality   ,exceptional_items_frequency
1793 ,4.200382698312398      ,0.002564102564102564  ,120.75511320812626    ,-1.0                   ,4447.070175438596    ,-0.12744665861928323  ,0.08766928011404133  ,51.7010596765198  ,27.2911597729116   ,Accounting Quality   ,goodwill_change_rate
2466 ,-0.0040293166945026765 ,0.0                   ,0.01957316277278097   ,-0.4579283532352124    ,0.03091842555618939  ,-0.0010346348921687729,0.0                  ,2.6358475263584755,0.0                ,Accounting Quality   ,merger_impact_ratio
2462 ,0.0                    ,0.0                   ,0.0                   ,0.0                    ,0.0                  ,0.0                   ,0.0                  ,0.0               ,0.16220600162206003,Accounting Quality   ,non_operating_income_share
2425 ,-0.001618856302186303  ,0.0                   ,0.006539181376369852  ,-0.13469298723961173   ,0.0201911168175982   ,0.0                   ,0.0                  ,1.8969072164948455,1.662611516626115  ,Accounting Quality   ,restructuring_intensity
2463 ,6.096445746857091      ,0.0                   ,13.263854164088233    ,0.0                    ,100.0                ,0.0                   ,7.142857142857143    ,33.49573690621194 ,0.12165450121654502,Analyst Sentiment    ,analyst_bearish_pct
2424 ,63.77645122780097      ,66.66666666666667     ,30.772547291424207    ,0.0                    ,100.0                ,42.857142857142854    ,91.39492753623188    ,93.06930693069307 ,1.70316301703163   ,Analyst Sentiment    ,analyst_bullish_pct
2466 ,1.0934594756284135     ,0.9883512289523975    ,0.7228008975985915    ,0.09847071350063659    ,4.40590582544141     ,0.5013936032906775    ,1.5497524838678731   ,100.0             ,0.0                ,Analyst Sentiment    ,analyst_coverage_quality
2463 ,28.88677936173418      ,25.0                  ,26.370688546235424    ,0.0                    ,100.0                ,0.0                   ,47.82608695652174    ,74.05602923264311 ,0.12165450121654502,Analyst Sentiment    ,analyst_neutral_pct
2466 ,73.75983373884834      ,77.0                  ,21.586347894647105    ,-25.0                  ,100.0                ,64.25                 ,87.5                 ,98.05352798053528 ,0.0                ,Analyst Sentiment    ,analyst_rating_normalized
2466 ,0.017240979318734796   ,0.0                   ,0.172369149395507     ,-0.559545              ,5.203095             ,-0.01098625           ,0.02861              ,46.26926196269262 ,0.0                ,Analyst Sentiment    ,eps_revision_momentum
2446 ,0.021545211865610776   ,0.0                   ,0.10391196724081703   ,-0.5                   ,2.0                  ,-0.004610565298931419 ,0.025481788169961037 ,46.443172526574   ,0.8110300081103    ,Analyst Sentiment    ,price_target_revision_1m
2433 ,0.045980504072891885   ,0.01037462879768522   ,0.16953492186286476   ,-0.680952380952381     ,1.7580645161290323   ,-0.021635572028487083 ,0.07828779280319009  ,55.3226469379367  ,1.338199513381995  ,Analyst Sentiment    ,price_target_revision_3m
2466 ,41.90023961051181      ,36.54509283819628     ,39.218634939384415    ,0.0                    ,667.3192771084338    ,19.461382113821138    ,54.54545454545455    ,90.42984590429846 ,0.0                ,Analyst Sentiment    ,price_target_spread_pct
2465 ,24.120797520198206     ,14.0                  ,50.92837272130879     ,-77.99295774647888     ,1632.591304347826    ,1.4977101126377026    ,33.614627285513365   ,78.37728194726166 ,0.04055150040551501,Analyst Sentiment    ,upside_potential
2466 ,52.724181757313765     ,53.854589767090246    ,21.24874391597289     ,0.0                    ,100.0                ,42.283292021050364    ,62.975318676838334   ,98.3779399837794  ,0.0                ,Balance Sheet        ,asset_quality_score
2466 ,57.3499594484996       ,50.0                  ,34.38776012844539     ,0.0                    ,100.0                ,25.0                  ,100.0                ,86.37469586374696 ,0.0                ,Balance Sheet        ,balance_sheet_strength
2446 ,0.5001742934408163     ,0.0                   ,5.280025562187238     ,-1.0                   ,215.38709677419354   ,-0.22019883301619408  ,0.3149504736277476   ,48.937040065412916,0.8110300081103    ,Balance Sheet        ,cash_change_qoq
2425 ,12.5926268329203       ,8.339332934107562     ,13.771058603794938    ,0.0                    ,98.20339541783419    ,3.856918503561613     ,16.051599175477094   ,99.54639175257732 ,1.662611516626115  ,Balance Sheet        ,cash_to_assets_pct
2169 ,1.125951341036563      ,0.9702744691869498    ,0.8369955149256975    ,0.0                    ,13.276901761562314   ,0.6888071488387377    ,1.3524740124740124   ,97.64868603042876 ,12.043795620437956 ,Balance Sheet        ,cash_vs_5y_avg
2449 ,3.0504647735981263     ,2.2597961134119147    ,26.949989949227604    ,-421.51724137931035    ,950.25               ,0.5684474123539232    ,4.191111111111111    ,88.4034299714169  ,0.689375506893755  ,Balance Sheet        ,debt_maturity_risk
2466 ,0.08394160583941605    ,0.0                   ,0.27735646295351685   ,0.0                    ,1.0                  ,0.0                   ,0.0                  ,8.394160583941606 ,0.0                ,Balance Sheet        ,intangibles_growth_flag
1952 ,0.0634177127677        ,-0.08639760594064355  ,5.4264866883445855    ,-1.0                   ,234.875              ,-0.17858760158700565  ,0.0                  ,21.311475409836063,20.843471208434714 ,Balance Sheet        ,inventory_change_yoy
1897 ,1.1226820933419142     ,1.1303249198159253    ,0.5582301045715495    ,0.0                    ,4.217194570135747    ,0.9314620416856838    ,1.3317618198892276   ,91.14391143911439 ,23.07380373073804  ,Balance Sheet        ,inventory_vs_5y_avg
2138 ,0.8480337197914336     ,1.1781698851668014    ,9.8804040023648       ,-341.75                ,63.892339544513455   ,0.8161557701767801    ,1.4893902779682482   ,85.2198316183349  ,13.30089213300892  ,Balance Sheet        ,retained_earnings_vs_5y
2329 ,0.3885290266144654     ,1.2080938633895701    ,40.30605874849285     ,-1890.0                ,144.59708737864077   ,0.7225892058730204    ,1.7390228434286283   ,87.89179905538857 ,5.555555555555555  ,Balance Sheet        ,working_capital_vs_5y_avg
2466 ,117.40872668288726     ,0.0                   ,687.038489798014      ,0.0                    ,16681.26             ,0.0                   ,18.467499999999998   ,41.605839416058394,0.0                ,Cash Flow            ,acquisition_intensity
2454 ,1.275906219662897      ,0.046541710277807465  ,51.45733489706461     ,-382.4685714285714     ,2103.8571428571427   ,-0.32687164122135026  ,0.4457073638378881   ,54.278728606356964,0.48661800486618007,Cash Flow            ,cfo_growth_yoy
2462 ,0.8963982684497791     ,1.4208476223943436    ,21.91619666432315     ,-726.351724137931      ,482.6885245901639    ,0.5433453965954688    ,2.3699496143514365   ,79.97562956945573 ,0.16220600162206003,Cash Flow            ,cfo_to_net_income
2420 ,-1.5932310200770952    ,0.06484451622891158   ,48.14755663894081     ,-2246.1111111111113    ,284.65671641791045   ,0.001136119784649883  ,0.1378752495753874   ,75.20661157024794 ,1.8653690186536902 ,Cash Flow            ,fcf_margin
2466 ,0.6480129764801298     ,0.8                   ,0.35324934081884185   ,0.0                    ,1.0                  ,0.4                   ,1.0                  ,86.17193836171938 ,0.0                ,Cash Flow            ,fcf_positive_ratio
2462 ,0.6232614265706463     ,0.8854260328609562    ,13.546606549881398    ,-272.3103448275862     ,412.8                ,0.0                   ,1.5480672421343682   ,74.85783915515842 ,0.16220600162206003,Cash Flow            ,fcf_to_net_income
2375 ,7.0711891609325965     ,1.6169063577796576    ,74.3891562458633      ,-490.64285714285717    ,2133.2727272727275   ,0.674750923977957     ,3.288465296178641    ,88.33684210526316 ,3.6901865369018654 ,Cash Flow            ,self_funding_ratio
2466 ,47.714310340364584     ,50.0                  ,17.024882044312402    ,0.0                    ,100.0                ,47.08572838449247     ,51.650057047772165   ,95.05271695052717 ,0.0                ,Composite Scores     ,dilution_score
2466 ,5.009326845093269      ,5.0                   ,1.7610601502977334    ,0.0                    ,9.0                  ,4.0                   ,6.0                  ,99.59448499594485 ,0.0                ,Composite Scores     ,piotroski_f_score
1763 ,-0.00023352240499149163,0.0023                ,0.07129808112966932   ,-0.6754                ,0.5822               ,-0.0013               ,0.0192               ,63.471355643788996,28.50770478507705  ,Dividend Reliability ,buyback_yield
1443 ,-0.0004776160776160779 ,0.0012                ,0.044434207210855205  ,-0.693                 ,0.7876               ,-0.0005               ,0.0048               ,67.7061677061677  ,41.48418491484185  ,Dividend Reliability ,dividend_growth_expectation
1722 ,0.5497787415772843     ,0.024980684661920844  ,10.562662837726323    ,-143.73529411764707    ,397.344              ,0.0                   ,0.47832660726512555  ,50.754936120789786,30.170316301703163 ,Dividend Reliability ,dividend_payout_ratio
2466 ,2.2927818329278185     ,1.0                   ,5.53904128012158      ,0.0                    ,54.0                 ,0.0                   ,2.0                  ,64.92295214922952 ,0.0                ,Dividend Reliability ,dividend_streak
1492 ,0.034289477211796246   ,0.0239                ,0.05912628690648719   ,0.0                    ,1.1945               ,0.011574999999999998  ,0.0407               ,99.59785522788204 ,39.49716139497161  ,Dividend Reliability ,dividend_yield_ltm
2195 ,0.024804328018223232   ,0.0169                ,0.03877106372481433   ,0.0                    ,0.7999               ,0.0                   ,0.036000000000000004 ,71.84510250569475 ,10.989456609894566 ,Dividend Reliability ,dividend_yield_ntm
1448 ,9.32860367100992       ,2.1026297654043415    ,213.61274780293897    ,-4279.0                ,5213.0               ,0.8671453504819252    ,4.116792279785031    ,84.3232044198895  ,41.281427412814274 ,Dividend Reliability ,fcf_dividend_coverage
2466 ,0.020579156528791564   ,0.017349999999999997  ,0.0785472003383451    ,-0.6306                ,1.1945               ,0.0                   ,0.0439               ,72.26277372262774 ,0.0                ,Dividend Reliability ,total_shareholder_yield
2449 ,0.7859168927742618     ,0.9900889083224019    ,4.531292368149624     ,-129.31379310344826    ,153.75               ,0.0                   ,1.1230952077762213   ,68.68109432421396 ,0.689375506893755  ,Earnings Quality     ,ebitda_adjustment_ratio
1579 ,0.7458431577979054     ,1.0                   ,5.928691439658283     ,-127.85714285714286    ,55.333333333333336   ,0.6666666666666666    ,1.1905869324473977   ,88.98036732108929 ,35.969180859691804 ,Earnings Quality     ,eps_adjustment_ratio
2249 ,0.062356743241275714   ,0.09090909090909091   ,20.525209414763843    ,-918.0                 ,100.57142857142857   ,-0.2777777777777778   ,0.625                ,55.40240106714095 ,8.799675587996756  ,Earnings Quality     ,eps_quarterly_trend
1570 ,-17.391662193144615    ,-3.30336742612032     ,326.882195259582      ,-11800.0               ,2300.0               ,-16.80253623188406    ,4.281358885017422    ,33.43949044585987 ,36.334144363341444 ,Earnings Quality     ,eps_surprise_pct
2421 ,22.60615201742881      ,5.0                   ,608.0990202975819     ,-20260.0               ,6600.0               ,-31.0                 ,54.335260115606935   ,53.49029326724494 ,1.824817518248175  ,Earnings Quality     ,eps_yoy_growth
2185 ,-42.77365620902454     ,-2.5                  ,362.05095810537       ,-11400.0               ,2066.6666666666665   ,-26.21359223300971    ,0.0                  ,19.130434782608695,11.394971613949716 ,Earnings Quality     ,gaap_adj_eps_gap_pct
2402 ,2.478223205547443      ,-2.7455477609634444   ,115.15454638890019    ,-342.3565005462644     ,3106.6666666666665   ,-6.8868972928569345   ,0.004194942758932102 ,25.062447960033307,2.5952960259529605 ,Earnings Quality     ,revenue_surprise_pct
2425 ,0.7664810045486118     ,0.6455965666019444    ,0.5878332088563435    ,-0.08028664654721204   ,6.212147713022243    ,0.38689166711380585   ,0.9905071196602548   ,98.18556701030928 ,1.662611516626115  ,Efficiency           ,asset_turnover
1954 ,28.112245873351476     ,5.081944058534778     ,142.56705351886905    ,-362.25                ,4043.64406779661     ,2.7321980540904587    ,12.823006427936201   ,99.48822927328557 ,20.762368207623684 ,Efficiency           ,inventory_turnover
2410 ,59.97464375461826      ,50.400527662194676    ,62.79894312587454     ,0.0                    ,1126.8484500574052   ,28.01644294145522     ,74.59209207415876    ,97.63485477178423 ,2.2708840227088403 ,Efficiency           ,receivables_days
2425 ,2.3267774624331827     ,2.7691764705882354    ,100.35990244389589    ,-2199.4358974358975    ,3407.898305084746    ,0.1528846153846154    ,6.419161676646707    ,76.98969072164948 ,1.662611516626115  ,Efficiency           ,working_capital_turns
2420 ,92.6974822384581       ,61.41831573182519     ,935.1197875274435     ,-13743.283582089553    ,36650.0              ,42.5842162758218      ,76.05536164114842    ,98.55371900826447 ,1.8653690186536902 ,Efficiency Ratios    ,cogs_to_revenue
2420 ,-6.200753886581117     ,-1.7565905861718847   ,74.46274400600767     ,-3400.0                ,0.0                  ,-4.281607898191946    ,-0.5938799621178539  ,0.0               ,1.8653690186536902 ,Efficiency Ratios    ,interest_to_revenue
2420 ,193.74225169177126     ,90.05155496772522     ,2244.055315974502     ,-28788.059701492537    ,87811.11111111111    ,81.2972534675426      ,95.68719079700531    ,99.75206611570248 ,1.8653690186536902 ,Efficiency Ratios    ,opex_to_revenue
2420 ,31.112674052758763     ,0.0                   ,1027.8693533654907    ,-5402.985074626866     ,49400.0              ,0.0                   ,0.6878354573342738   ,27.479338842975203,1.8653690186536902 ,Efficiency Ratios    ,rnd_to_revenue
2410 ,58.88434460081235      ,16.13194414037641     ,692.2632305246649     ,-4.150737302020754     ,22700.0              ,7.274150250073204     ,30.143078681487403   ,96.84647302904564 ,2.2708840227088403 ,Efficiency Ratios    ,sga_to_revenue
2124 ,3.0382216698976356     ,0.6094791851990322    ,27.45600965817793     ,0.0                    ,1106.4               ,0.30423218317310435   ,1.3993107026175442   ,99.95291902071564 ,13.86861313868613  ,Employee Productivity,assets_per_employee
2124 ,0.46549794549704326    ,0.04778626049461609   ,11.186913371623822    ,-3.7717647058823527    ,506.85               ,0.017005260738479862  ,0.11677907979870597  ,87.1939736346516  ,13.86861313868613  ,Employee Productivity,ebitda_per_employee
2095 ,34.22043247707041      ,2.025072324011572     ,1310.179284656499     ,-100.0                 ,59900.0              ,-2.870879120879121    ,9.078304009660783    ,59.76133651551313 ,15.044606650446065 ,Employee Productivity,fte_growth_1y_pct
2046 ,149.10984976694056     ,10.0                  ,4173.644905292889     ,-100.0                 ,184000.0             ,-4.035875936142083    ,33.62435534000478    ,68.08406647116324 ,17.0316301703163   ,Employee Productivity,fte_growth_3y_pct
2124 ,0.19923959721445988    ,0.014904099794478182  ,6.672951791608729     ,-5.53                  ,304.62               ,0.002805844238222318  ,0.042275140598576316 ,79.75517890772127 ,13.86861313868613  ,Employee Productivity,profit_per_employee
2124 ,0.8912233020859602     ,0.36813145317926105   ,3.6445646257679805    ,0.0                    ,100.79               ,0.21681744862644267   ,0.663903953333911    ,97.92843691148776 ,13.86861313868613  ,Employee Productivity,revenue_per_employee
681  ,1.535147381107033      ,1.066062665156663     ,7.247932538278546     ,0.0                    ,185.125              ,0.927536231884058     ,1.2557077625570776   ,96.62261380323054 ,72.38442822384428  ,Employee Productivity,workforce_stability
1550 ,7.834396469565043      ,3.504061694373827     ,43.833534349869474    ,-85.47016106972227     ,701.040313265657     ,-12.625859554725205   ,18.563110149668763   ,55.41935483870968 ,37.145174371451745 ,EPS Trajectory       ,eps_cagr_3y
1429 ,10.955117725988487     ,7.452080583212902     ,26.77866825625411     ,-71.73399937369788     ,246.29471895995087   ,-2.383690164286867    ,19.530287823712563   ,68.57942617214835 ,42.05190592051906  ,EPS Trajectory       ,eps_cagr_5y
2466 ,2.670316301703163      ,3.0                   ,1.04521844786944      ,0.0                    ,5.0                  ,2.0                   ,3.0                  ,97.40470397404704 ,0.0                ,EPS Trajectory       ,eps_improvement_count
2466 ,3.5579886455798864     ,4.0                   ,1.8071536486447888    ,0.0                    ,5.0                  ,2.0                   ,5.0                  ,88.03730738037308 ,0.0                ,EPS Trajectory       ,eps_positive_streak
2287 ,30.2592707797064       ,3.7037037037037037    ,454.7770283363034     ,-8666.666666666666     ,9172.727272727272    ,-16.666666666666668   ,44.79832759468765    ,51.770878880629645,7.258718572587187  ,EPS Trajectory       ,eps_qoq_growth
2466 ,53.40632603406326      ,60.0                  ,20.904368957388797    ,0.0                    ,100.0                ,40.0                  ,60.0                 ,97.40470397404704 ,0.0                ,EPS Trajectory       ,eps_trajectory_score
2249 ,6.235674324127579      ,9.090909090909092     ,2052.5209414763845    ,-91800.0               ,10057.142857142857   ,-27.77777777777778    ,62.5                 ,55.40240106714095 ,8.799675587996756  ,EPS Trajectory       ,eps_yoy_quarterly
2466 ,0.25141930251419303    ,0.0                   ,0.4339170298800908    ,0.0                    ,1.0                  ,0.0                   ,1.0                  ,25.141930251419303,0.0                ,Financial Distress   ,accumulated_deficit_flag
2466 ,0.1354420113544201     ,0.0                   ,0.3422644839309162    ,0.0                    ,1.0                  ,0.0                   ,0.0                  ,13.54420113544201 ,0.0                ,Financial Distress   ,adequate_cash_buffer
2462 ,3.654126392510199      ,1.7164197794272646    ,8.84269818575533      ,-144.20795510810365    ,180.3310675729708    ,0.6711329953153685    ,3.6245031644399424   ,97.72542648253453 ,0.16220600162206003,Financial Distress   ,cash_runway_months
2466 ,63.84090294674237      ,100.0                 ,43.9668453510105      ,0.0                    ,100.0                ,1.875                 ,100.0                ,75.50689375506894 ,0.0                ,Financial Distress   ,distress_risk_score
2466 ,9.22749391727494       ,0.0                   ,11.692534604682914    ,0.0                    ,30.0                 ,0.0                   ,15.0                 ,42.9845904298459  ,0.0                ,Financial Distress   ,liquidity_stress_score
2452 ,0.784825019256413      ,0.038014626880275786  ,25.066112395583822    ,-171.0                 ,921.6666666666666    ,-0.1622874830833917   ,0.2913890226134874   ,54.03752039151713 ,0.5677210056772101 ,Financial Distress   ,working_capital_trend
2449 ,-49.17761633900739     ,4.6682005328166625    ,3948.9273278353025    ,-192800.0              ,19124.32950191571    ,-11.300555114988105   ,23.65322496613525    ,58.105349122090644,0.689375506893755  ,Growth Metrics       ,ebitda_growth_yoy
2456 ,68.09205026885111      ,1.5606370473261983    ,1176.3157391728066    ,-10186.585365853658    ,38614.678899082566   ,-28.1614652210056     ,40.5526346698562     ,51.14006514657981 ,0.40551500405515   ,Growth Metrics       ,fcf_growth
2310 ,0.5777247619047619     ,0.12004999999999999   ,9.120691248681416     ,-1.0                   ,285.3538             ,0.034225              ,0.226375             ,83.29004329004329 ,6.326034063260341  ,Growth Metrics       ,forward_revenue_growth
2462 ,59.472152969280515     ,7.15761528860971      ,1267.7167091447411    ,-10710.0               ,59200.0              ,-5.723017564380986    ,24.85628749888999    ,61.81965881397238 ,0.16220600162206003,Growth Metrics       ,operating_income_growth
2233 ,0.149935736677116      ,0.086                 ,0.28467798130750144   ,-0.5556                ,4.3155               ,0.0374                ,0.1685               ,89.07299596954769 ,9.448499594484996  ,Growth Metrics       ,revenue_cagr_5y
2398 ,72.17283639860933      ,3.1147346961126123    ,2149.48159871405      ,-542.8200972447326     ,99234.92063492064    ,-6.029341331041309    ,12.41364426040883    ,58.965804837364466,2.75750202757502   ,Growth Metrics       ,revenue_growth_yoy
2259 ,1.2815087750535175     ,1.1854822791715394    ,0.6417346188747433    ,-1.7081087484451816    ,15.558241758241758   ,1.0581487826967058    ,1.389384651187742    ,99.38025675077468 ,8.394160583941606  ,Growth Metrics       ,revenue_vs_5y_avg
217  ,48275.94470046083      ,4263.0                ,148497.25864188312    ,2.0                    ,688100.0             ,2308.0                ,6856.0               ,100.0             ,0.0                ,Identifier           ,ticker
2424 ,0.9553998256998143     ,0.36475445140851426   ,3.015983185444967     ,0.0                    ,63.16216216216216    ,0.16933960466153947   ,0.8182288682558021   ,99.54620462046205 ,1.70316301703163   ,Leverage & Liquidity ,cash_ratio
2425 ,0.28899566329472987    ,0.2647036674057258    ,0.22775807431122805   ,0.0                    ,3.042691594188932    ,0.11711109253531723   ,0.4084106704047424   ,98.35051546391752 ,1.662611516626115  ,Leverage & Liquidity ,debt_to_assets
2458 ,0.3025827779176267     ,0.5309951166348033    ,22.18838064674851     ,-1029.4831460674156    ,131.42186605609618   ,0.1611343434303254    ,1.130938671419452    ,95.240032546786   ,0.32441200324412006,Leverage & Liquidity ,debt_to_equity
2425 ,0.4538869432265238     ,0.46014136172497094   ,0.2757178970320649    ,-3.342372261661741     ,0.9980475105759844   ,0.3132548010294991    ,0.622799664710813    ,96.82474226804125 ,1.662611516626115  ,Leverage & Liquidity ,equity_ratio
2292 ,15.436033378586826     ,-4.372166673068476    ,2087.0641855568174    ,-14003.666666666668    ,93511.0              ,-11.553581261799874   ,-1.7786894137533866  ,12.347294938917976,7.0559610705596105 ,Leverage & Liquidity ,interest_coverage
2425 ,0.1734307643779989     ,0.12739894446443564   ,0.23062335558546465   ,-1.2200354782056146    ,0.970990604911818    ,0.017355903149775018  ,0.28583525426918194  ,78.68041237113403 ,1.662611516626115  ,Leverage & Liquidity ,working_capital_ratio
2462 ,15916.888996750607     ,4055.295              ,104597.45757141033    ,-1391.39               ,4567145.5            ,1339.79               ,11056.93             ,99.83753046303818 ,0.16220600162206003,Market Data          ,enterprise_value
2466 ,2675.537895174371      ,37.845                ,33711.12109365831     ,0.0                    ,1166000.0            ,12.8825               ,114.5875             ,99.95944849959449 ,0.0                ,Market Data          ,last_price
2466 ,13343.465352798055     ,3207.635              ,103617.08454975703    ,32.88                  ,4616931.5            ,1078.4924999999998    ,8680.33              ,100.0             ,0.0                ,Market Data          ,market_cap
2358 ,0.0043935538592027165  ,-0.01                 ,0.625523754336213     ,-4.47                  ,3.84                 ,-0.34                 ,0.34                 ,48.60050890585242 ,4.37956204379562   ,Momentum & Technical ,beta_momentum
2466 ,0.30697485806974856    ,1.0                   ,0.9504178716794993    ,-1.0                   ,1.0                  ,-1.0                  ,1.0                  ,65.20681265206812 ,0.0                ,Momentum & Technical ,ema_crossover_20_50
2466 ,0.2712895377128954     ,1.0                   ,0.9548652612000724    ,-1.0                   ,1.0                  ,-1.0                  ,1.0                  ,62.81427412814274 ,0.0                ,Momentum & Technical ,ema_crossover_50_250
2466 ,0.5685700031895277     ,0.20591672238349892   ,1.3728480624659787    ,-0.9608384876038084    ,20.754284328258215   ,-0.09047681576716211  ,0.6990109265252973   ,66.7477696674777  ,0.0                ,Momentum & Technical ,long_term_trend_score
2466 ,0.3584752635847526     ,0.0                   ,0.47964991754829767   ,0.0                    ,1.0                  ,0.0                   ,1.0                  ,35.847526358475264,0.0                ,Momentum & Technical ,multi_year_high_flag
2465 ,-0.19101318970100684   ,-0.5118900479557028   ,1.1727234506791828    ,-1.0                   ,21.716814159292035   ,-0.7944664031620553   ,-0.019913371209990437,24.462474645030426,0.04055150040551501,Momentum & Technical ,pct_above_52w_low
2466 ,-0.8244718520401157    ,-0.8786885245901639   ,0.17399456887701528   ,-1.0                   ,0.0                  ,-0.967498973245717    ,-0.7334878914607021  ,0.0               ,0.0                ,Momentum & Technical ,pct_off_52w_high
2465 ,2.972900490400228      ,3.0026109660574414    ,15.420391297915696    ,-70.51282051282051     ,180.68669527896995   ,-4.587155963302752    ,10.923803101820633   ,60.89249492900608 ,0.04055150040551501,Momentum & Technical ,price_momentum_1m
2427 ,30.566139719338313     ,12.781954887218046    ,80.40705361855404     ,-95.62941176470588     ,1274.3589743589744   ,-11.484185006721749   ,48.31399976310426    ,64.93613514627111 ,1.5815085158150852 ,Momentum & Technical ,price_momentum_1y
2455 ,9.45433281084509       ,7.307307307307307     ,25.76079768793588     ,-76.57841140529531     ,330.25210084033614   ,-4.670930009064842    ,21.210267116297445   ,65.050916496945   ,0.4460665044606651 ,Momentum & Technical ,price_momentum_3m
2317 ,86.30775881129647      ,23.83728813559322     ,235.0408654674684     ,-99.97960502692999     ,3343.478260869565    ,-18.298653610771115   ,93.06184012066365    ,64.09149762624082 ,6.042173560421736  ,Momentum & Technical ,price_momentum_3y
2463 ,1.4336908083476452     ,1.2228260869565217    ,6.540683789159462     ,-65.15151515151516     ,76.27523910733262    ,-1.5607864072080506   ,4.175087059397677    ,61.0231425091352  ,0.12165450121654502,Momentum & Technical ,price_momentum_5d
2088 ,103.26826888742409     ,22.125639635600574    ,366.3514937488095     ,-99.99107619795758     ,8428.477506094408    ,-32.15011614401858    ,114.76648011490269   ,58.86015325670498 ,15.328467153284672 ,Momentum & Technical ,price_momentum_5y
2444 ,19.654669077360193     ,9.065358973924006     ,55.12284783705513     ,-93.69269949066214     ,1129.3577981651376   ,-7.361907586843319    ,32.37266319482763    ,64.23895253682488 ,0.8921330089213302 ,Momentum & Technical ,price_momentum_6m
2465 ,0.012130083452894883   ,0.01578201844369325   ,0.07044371571480627   ,-0.6185737976782753    ,0.5666135411132754   ,-0.019274900002131393 ,0.04959247803064374  ,62.596348884381335,0.04055150040551501,Momentum & Technical ,price_vs_ema_20d
2429 ,0.10043995072817082    ,0.08026423083540933   ,0.2630589516931606    ,-0.9165411600484884    ,2.1033963662470905   ,-0.05470379538014272  ,0.224891408665501    ,65.95306710580486 ,1.5004055150040552 ,Momentum & Technical ,price_vs_ema_250d
2466 ,0.6251315541784906     ,0.7097158300796484    ,0.3224203369482157    ,0.0                    ,1.0                  ,0.36253494258695346   ,0.9234471458914214   ,99.55393349553934 ,0.0                ,Momentum & Technical ,range_52w_position
2466 ,0.39943227899432276    ,0.0                   ,0.48988105738186993   ,0.0                    ,1.0                  ,0.0                   ,1.0                  ,39.94322789943227 ,0.0                ,Momentum & Technical ,secular_trend_flag
2464 ,0.910908940476854      ,0.8786921591164749    ,0.29116417579532117   ,0.0                    ,2.5432792887029287   ,0.7238704978739376    ,1.060118758519122    ,99.9594155844156  ,0.08110300081103002,Momentum & Technical ,volatility_regime
2466 ,0.15936739659367397    ,0.0                   ,0.8280989772247053    ,-3.0                   ,26.0                 ,0.0                   ,0.0                  ,21.57339821573398 ,0.0                ,Price Target Dynamics,analyst_coverage_change_1m
2466 ,0.43390105433901055    ,0.0                   ,2.295575236862484     ,-12.0                  ,27.0                 ,-1.0                  ,1.0                  ,41.24087591240876 ,0.0                ,Price Target Dynamics,analyst_coverage_change_1y
2466 ,0.291970802919708      ,0.0                   ,1.2474364824094935    ,-12.0                  ,26.0                 ,0.0                   ,1.0                  ,33.657745336577456,0.0                ,Price Target Dynamics,analyst_coverage_change_3m
2446 ,0.021545211865610776   ,0.0                   ,0.10391196724081703   ,-0.5                   ,2.0                  ,-0.004610565298931419 ,0.025481788169961037 ,46.443172526574   ,0.8110300081103    ,Price Target Dynamics,pt_momentum_1m
2463 ,0.0037435306796812103  ,0.0                   ,0.03605018950862727   ,-0.3333333333333333    ,0.8505371321812237   ,0.0                   ,0.0                  ,20.706455542021924,0.12165450121654502,Price Target Dynamics,pt_momentum_1w
2381 ,0.18875206700064145    ,0.05202987035100095   ,0.6101391431114086    ,-0.9759996159938559    ,8.5                  ,-0.12385024203031988  ,0.3030877985125409   ,58.21083578328433 ,3.446877534468775  ,Price Target Dynamics,pt_momentum_1y
2433 ,0.045980504072891885   ,0.01037462879768522   ,0.16953492186286476   ,-0.680952380952381     ,1.7580645161290323   ,-0.021635572028487083 ,0.07828779280319009  ,55.3226469379367  ,1.338199513381995  ,Price Target Dynamics,pt_momentum_3m
2405 ,0.12684669490567205    ,0.039742526942019796  ,0.40103494611169604   ,-0.9641304467791147    ,6.219650235923767    ,-0.04830419297393557  ,0.19070371231496552  ,61.33056133056133 ,2.473641524736415  ,Price Target Dynamics,pt_momentum_6m
2420 ,-83.0297829700541      ,15.092415033067123    ,2208.720718044577     ,-86500.0               ,28801.492537313432   ,7.873119443558516     ,26.08752822277064    ,90.53719008264463 ,1.8653690186536902 ,Profitability        ,ebitda_margin_pct
2409 ,67.70985838099014      ,0.02514292513499272   ,2214.35398910589      ,-18040.816326530614    ,99042.09634129114    ,-0.9836127919701848   ,1.4716203396108847   ,50.6434205064342  ,2.3114355231143553 ,Profitability        ,ebitda_margin_trend
2458 ,1.9040209176582406     ,2.066975265313677     ,25.401818415282925    ,-1125.9756554307116    ,157.25472238122495   ,1.5150283086247107    ,2.9824740121780664   ,95.52481692432873 ,0.32441200324412006,Profitability        ,equity_multiplier
2386 ,0.4133937552388936     ,0.389                 ,0.2813132659367735    ,-2.7736                ,1.6127               ,0.242725              ,0.57715              ,98.53310980720872 ,3.2441200324412    ,Profitability        ,gross_margin_pct
2372 ,0.0032568296795952778  ,0.0                   ,0.06893866625120951   ,-0.8284                ,1.406                ,-0.0083               ,0.0099               ,48.861720067453625,3.8118410381184105 ,Profitability        ,gross_margin_trend_yoy
2466 ,0.27210056772100566    ,0.0                   ,0.44513166411894395   ,0.0                    ,1.0                  ,0.0                   ,1.0                  ,27.210056772100565,0.0                ,Profitability        ,margin_expansion_flag
2354 ,0.08801661002548852    ,0.0599                ,1.636571862210373     ,-2.8643                ,75.8677              ,0.0131                ,0.12815000000000001  ,79.77909940526763 ,4.5417680454176805 ,Profitability        ,net_margin_pct
2338 ,-0.28480239520958084   ,0.0                   ,10.263848768581697    ,-423.5292              ,12.6201              ,-0.0157               ,0.015825             ,46.66381522668948 ,5.190592051905921  ,Profitability        ,net_margin_trend_yoy
2420 ,-93.747025699994       ,9.946578726683438     ,2244.2263440719976    ,-87722.22222222222     ,28886.567164179105   ,4.312809202994687     ,18.702746532457393   ,87.10743801652893 ,1.8653690186536902 ,Profitability        ,operating_margin_pct
2409 ,70.69789854220136      ,0.023283848551542474  ,2243.4303319493542    ,-18040.816326530614    ,99221.43240570702    ,-1.0105187260030344   ,1.5486242401480035   ,50.80946450809465 ,2.3114355231143553 ,Profitability        ,operating_margin_trend
2420 ,0.31112674052758765    ,0.0                   ,10.27869353365491     ,-54.02985074626866     ,494.0                ,0.0                   ,0.006878354573342738 ,27.479338842975203,1.8653690186536902 ,Profitability        ,rnd_intensity
2367 ,0.03668305872412336    ,0.0438                ,0.11133258614723329   ,-1.5288                ,1.5083               ,0.01925               ,0.07100000000000001  ,85.7203210815378  ,4.014598540145985  ,Profitability        ,roa
2302 ,0.10261185925282362    ,0.0963                ,1.3582663176584553    ,-5.6703                ,58.4365              ,0.015525              ,0.18345              ,77.84535186794092 ,6.65044606650446   ,Profitability        ,roe
2458 ,9.635950725996146      ,7.732339923341437     ,117.95145943685148    ,-2507.6923076923076    ,2693.3333333333335   ,3.4333395222328917    ,13.830027469537837   ,85.5573637103336  ,0.32441200324412006,Profitability        ,roic
2041 ,4.532008819206271      ,2.67                  ,11.045466281440182    ,-16.94                 ,250.11               ,1.64                  ,4.52                 ,96.5703086722195  ,17.234387672343875 ,Quality & Risk       ,altman_z_score
2017 ,-0.010252850768468028  ,0.0                   ,4.304652324225889     ,-115.42                ,84.35                ,-0.26                 ,0.28                 ,45.413981160138825,18.20762368207624  ,Quality & Risk       ,altman_z_trend
2408 ,0.8245598006644518     ,0.74                  ,0.6493802399584433    ,-2.1                   ,5.17                 ,0.3675                ,1.19                 ,93.27242524916943 ,2.3519870235198703 ,Quality & Risk       ,beta_1y
2358 ,0.8203350296861747     ,0.76                  ,0.6740150139288481    ,-3.18                  ,6.88                 ,0.38                  ,1.16                 ,93.76590330788804 ,4.37956204379562   ,Quality & Risk       ,beta_5y
2358 ,0.0043935538592027165  ,-0.01                 ,0.625523754336213     ,-4.47                  ,3.84                 ,-0.34                 ,0.34                 ,48.60050890585242 ,4.37956204379562   ,Quality & Risk       ,beta_spread
2466 ,79.09428223844282      ,84.0                  ,19.41655396046424     ,0.0                    ,100.0                ,70.5                  ,93.5                 ,98.94566098945661 ,0.0                ,Quality & Risk       ,beta_stability_score
2348 ,72.3629099713574       ,-1.6590389016018308   ,510.10018994598073    ,-2300.0                ,12600.0              ,-40.387799286805915   ,59.272759601706966   ,48.38160136286201 ,4.785077047850771  ,Quality & Risk       ,beta_trend
2423 ,2.5916219562525793     ,1.6                   ,4.574942519965425     ,0.1                    ,114.4                ,1.1                   ,2.5                  ,100.0             ,1.7437145174371453 ,Quality & Risk       ,current_ratio
2449 ,0.1893576149491728     ,0.002072043353522474  ,1.8107856429963056    ,0.0                    ,70.01652892561984    ,0.0                   ,0.044284243048403706 ,54.26704777460187 ,0.689375506893755  ,Quality & Risk       ,exceptional_items_to_ebitda
2425 ,10.338493629657174     ,2.294812369055404     ,14.834975987499494    ,0.0                    ,73.85951007317567    ,0.0                   ,16.21995380261735    ,63.340206185567006,1.662611516626115  ,Quality & Risk       ,goodwill_to_assets_pct
2466 ,0.4002433090024331     ,0.0                   ,0.4900469216324697    ,0.0                    ,1.0                  ,0.0                   ,1.0                  ,40.024330900243314,0.0                ,Quality & Risk       ,has_asset_writedown
2466 ,0.08353609083536091    ,0.0                   ,0.27674694271004563   ,0.0                    ,1.0                  ,0.0                   ,0.0                  ,8.35360908353609  ,0.0                ,Quality & Risk       ,has_goodwill_impairment
2466 ,0.26682887266828875    ,0.0                   ,0.4423918952231542    ,0.0                    ,1.0                  ,0.0                   ,1.0                  ,26.682887266828875,0.0                ,Quality & Risk       ,has_restructuring
2466 ,0.1362530413625304     ,0.0                   ,0.3431266438990476    ,0.0                    ,1.0                  ,0.0                   ,0.0                  ,13.62530413625304 ,0.0                ,Quality & Risk       ,high_beta_flag
2425 ,0.05833307114366037    ,0.0                   ,0.142929141023486     ,0.0                    ,2.289218281277572    ,0.0                   ,0.034430684373952684 ,33.93814432989691 ,1.662611516626115  ,Quality & Risk       ,intangible_intensity
2466 ,0.32684509326845096    ,0.0                   ,0.4691552353088466    ,0.0                    ,1.0                  ,0.0                   ,1.0                  ,32.684509326845095,0.0                ,Quality & Risk       ,low_beta_flag
2424 ,2.1550938930911365     ,1.1871395220340486    ,4.479857789093673     ,0.0                    ,114.07894736842105   ,0.7930507173298676    ,1.9129899334824514   ,99.95874587458746 ,1.70316301703163   ,Quality & Risk       ,quick_ratio
2466 ,0.3122465531224655     ,0.0                   ,0.46350378888486926   ,0.0                    ,1.0                  ,0.0                   ,1.0                  ,31.22465531224655 ,0.0                ,Technical Analysis   ,breakout_signal
2459 ,0.014036571571651054   ,0.015261352483310174  ,0.052060161815177614  ,-0.36527267156862747   ,0.3154452245062882   ,-0.011124949612531566 ,0.04376127585504574  ,65.392435949573   ,0.28386050283860503,Technical Analysis   ,ema_slope_20d
2466 ,0.27858880778588807    ,0.0                   ,0.7784129819100679    ,-1.0                   ,1.0                  ,0.0                   ,1.0                  ,48.09407948094079 ,0.0                ,Technical Analysis   ,ema_trend_consistency
2466 ,0.14882400648824007    ,0.0                   ,0.3559870941542513    ,0.0                    ,1.0                  ,0.0                   ,0.0                  ,14.882400648824007,0.0                ,Technical Analysis   ,high_volume_flag
2466 ,0.06934306569343066    ,0.0                   ,0.2540881447466219    ,0.0                    ,1.0                  ,0.0                   ,0.0                  ,6.934306569343065 ,0.0                ,Technical Analysis   ,low_volume_flag
2466 ,0.3175182481751825     ,0.0                   ,0.4656053276841699    ,0.0                    ,1.0                  ,0.0                   ,1.0                  ,31.751824817518248,0.0                ,Technical Analysis   ,near_52w_high_flag
2466 ,0.0705596107055961     ,0.0                   ,0.25613972142440083   ,0.0                    ,1.0                  ,0.0                   ,0.0                  ,7.0559610705596105,0.0                ,Technical Analysis   ,near_52w_low_flag
2449 ,4.987866375519812      ,4.912656448698213     ,15.960633881629729    ,-69.8594794573895      ,91.62293183085701    ,-3.5965060360306316   ,13.636363636363637   ,65.08779093507555 ,0.689375506893755  ,Technical Analysis   ,price_vs_ema_100d
2464 ,4.598060064935066      ,4.23                  ,18.223420637600423    ,-151.33                ,327.56               ,-2.2                  ,10.4325              ,67.41071428571429 ,0.08110300081103002,Technical Analysis   ,volatility_compression
2465 ,-1.0768803245436107    ,0.01                  ,13.10922198681959     ,-291.7                 ,225.86               ,-3.39                 ,2.7                  ,50.10141987829615 ,0.04055150040551501,Technical Analysis   ,volatility_term_structure
2465 ,0.030109054766734283   ,0.02562               ,0.2718735070382188    ,-3.24346               ,5.9076               ,-0.04056              ,0.10486              ,60.446247464503045,0.04055150040551501,Technical Analysis   ,volume_momentum_score
2466 ,9.023519870235198      ,11.0                  ,6.35126716996781      ,-1.0                   ,20.0                 ,4.0                   ,14.0                 ,83.13057583130575 ,0.0                ,Temporal Patterns    ,days_to_earnings
2462 ,145.57514216084485     ,135.0                 ,39.53309169246479     ,43.0                   ,958.0                ,135.0                 ,135.0                ,100.0             ,0.16220600162206003,Temporal Patterns    ,earnings_report_recency
2452 ,8.600326264274061      ,9.0                   ,1.5804703320263804    ,3.0                    ,12.0                 ,9.0                   ,9.0                  ,100.0             ,0.5677210056772101 ,Temporal Patterns    ,fiscal_month
2452 ,2.869494290375204      ,3.0                   ,0.5299046406288224    ,1.0                    ,4.0                  ,3.0                   ,3.0                  ,100.0             ,0.5677210056772101 ,Temporal Patterns    ,fiscal_quarter
2452 ,2025.1672104404568     ,2025.0                ,0.3765048518587294    ,2023.0                 ,2026.0               ,2025.0                ,2025.0               ,100.0             ,0.5677210056772101 ,Temporal Patterns    ,fiscal_year
2452 ,0.7166938553561719     ,0.75                  ,0.1317058610021984    ,0.25                   ,1.0                  ,0.75                  ,0.75                 ,100.0             ,0.5677210056772101 ,Temporal Patterns    ,fiscal_year_progress
2462 ,154.60113728675873     ,147.0                 ,40.80055411507738     ,42.0                   ,959.0                ,136.0                 ,150.0                ,100.0             ,0.16220600162206003,Temporal Patterns    ,reporting_lag
2200 ,16.646636363636365     ,10.75                 ,25.109997892031597    ,0.0                    ,412.8                ,7.3                   ,16.4                 ,99.95454545454545 ,10.78669910786699  ,Valuation Ratios     ,ev_ebitda_ratio
2400 ,6.147125               ,2.2                   ,25.843455041291172    ,0.0                    ,492.8                ,1.2                   ,4.325                ,99.875            ,2.67639902676399   ,Valuation Ratios     ,ev_sales_ratio
2458 ,27.05351511135877      ,3.7844692414084458    ,156.22802111422308    ,-2658.139534883721     ,3955.8823529411766   ,0.0                   ,40.4315941501454     ,60.37428803905615 ,0.32441200324412006,Valuation Ratios     ,goodwill_to_equity
2458 ,12.93083107065249      ,0.0                   ,382.0570512890327     ,-15348.837209302326    ,8150.0               ,0.0                   ,6.251143907554528    ,32.546786004882016,0.32441200324412006,Valuation Ratios     ,intangibles_to_equity
2373 ,5.351706700379266      ,2.6                   ,12.276971985860154    ,0.1                    ,251.1                ,1.5                   ,5.1                  ,100.0             ,3.7712895377128954 ,Valuation Ratios     ,p_b_ratio
1853 ,37.06880733944954      ,23.1                  ,48.33678151944817     ,0.0                    ,472.4                ,14.6                  ,39.3                 ,99.94603345925526 ,24.858069748580697 ,Valuation Ratios     ,p_e_ratio
1487 ,0.590227608273159      ,0.316692698589287     ,12.68952090299102     ,-101.67959625419176    ,256.0137704346026    ,-1.4374629767075415   ,1.722372301581077    ,57.296570275722935,39.699918896999186 ,Valuation Ratios     ,peg_ratio
1864 ,10.317328326180258     ,3.9                   ,27.5922514570614      ,0.3                    ,479.5                ,1.9                   ,8.625                ,100.0             ,24.412003244120033 ,Valuation Ratios     ,price_to_tangible_book
2466 ,7.697678669450478e-06  ,1.9686842613704785e-06,3.4561659941582335e-05,-0.00025954110613341923,0.0006909778730595894,5.741469700526379e-08 ,8.696620650542078e-06,76.80454176804542 ,0.0                ,Valuation Ratios     ,tangible_book_per_share
2425 ,24.57876452673836      ,25.108979947689626    ,38.08648720396378     ,-708.6255750891198     ,99.80475105759844    ,2.777361880521036     ,50.24572892318131    ,76.98969072164948 ,1.662611516626115  ,Valuation Ratios     ,tangible_equity_ratio
2146 ,-0.08828269022338904   ,-0.12448347107438017  ,0.6077747645089576    ,-0.9696538643907064    ,9.316831683168317    ,-0.26697722567287785  ,-0.013157894736842105,22.22739981360671 ,12.9764801297648   ,Valuation Timeseries ,ev_ebitda_forward_discount
2081 ,1.7310925667006405     ,0.05714285714285714   ,39.9819749884206      ,-1.0                   ,1439.0               ,-0.21                 ,0.44680851063829785  ,55.06967803940414 ,15.612327656123275 ,Valuation Timeseries ,ev_ebitda_momentum
2028 ,0.11460805813963121    ,0.04878048780487805   ,0.49809117488006155   ,-1.0                   ,5.516483516483516    ,-0.16168831168831171  ,0.27732014319257864  ,55.67061143984221 ,17.761557177615572 ,Valuation Timeseries ,ev_ebitda_vs_3y_avg
2360 ,0.005104914069353386   ,-0.07142857142857142  ,2.3438126703944695    ,-0.9848648648648649    ,109.4                ,-0.14814814814814814  ,0.0                  ,11.101694915254237,4.29845904298459   ,Valuation Timeseries ,ev_sales_forward_discount
2369 ,0.2876990796658984     ,0.07692307692307693   ,2.951118265865558     ,-1.0                   ,101.0                ,-0.09090909090909091  ,0.3076923076923077   ,56.35289151540734 ,3.933495539334955  ,Valuation Timeseries ,ev_sales_qoq_1q
2291 ,0.5239584640974988     ,0.06896551724137931   ,5.109254440696236     ,-1.0                   ,198.0                ,-0.18898809523809523  ,0.41494419181479947  ,53.513749454386726,7.0965125709651256 ,Valuation Timeseries ,ev_sales_trend_1y
2238 ,0.14686040136490913    ,0.05263157894736842   ,0.5826253402435935    ,-1.0                   ,9.571428571428571    ,-0.13956093189964158  ,0.30408054169636495  ,52.85969615728329 ,9.245742092457421  ,Valuation Timeseries ,ev_sales_vs_3y_avg
1754 ,-2.7517524400944153    ,-19.709299350017915   ,148.87250460884778    ,-97.5187969924812      ,3051.2820512820513   ,-41.78389660890948    ,-1.7660149927591788  ,23.71721778791334 ,28.872668288726683 ,Valuation Timeseries ,forward_pe_premium
2284 ,0.5125478569748497     ,0.10113636363636364   ,2.0425019241754407    ,-0.9935820296831127    ,46.75                ,-0.23076923076923078  ,0.5882352941176471   ,55.210157618213664,7.380373073803731  ,Valuation Timeseries ,p_b_momentum_yoy
2007 ,1.169553514016082      ,1.0                   ,0.7476696567370524    ,0.033185840707964605   ,7.75                 ,0.7231800766283525    ,1.4                  ,100.0             ,18.613138686131386 ,Valuation Timeseries ,p_b_vs_5y_avg
1754 ,-0.02751752440094417   ,-0.19709299350017911  ,1.488725046088478     ,-0.975187969924812     ,30.512820512820515   ,-0.41783896608909477  ,-0.017660149927591788,23.71721778791334 ,28.872668288726683 ,Valuation Timeseries ,p_e_forward_discount
1839 ,0.3414023750738651     ,0.17318435754189945   ,0.9108115440560176    ,-1.0                   ,10.920634920634921   ,-0.06891913277417314  ,0.4874321081217633   ,67.80859162588364 ,25.42579075425791  ,Valuation Timeseries ,p_e_momentum_qoq
1766 ,0.8319863788891618     ,0.1383537184179984    ,4.174702056125324     ,-1.0                   ,88.92307692307692    ,-0.23347050068861344  ,0.7835732286517398   ,58.21064552661382 ,28.386050283860502 ,Valuation Timeseries ,p_e_momentum_yoy
1709 ,0.27220415722686875    ,0.10795454545454546   ,0.8710170645435252    ,-1.0                   ,10.808080808080808   ,-0.19555555555555557  ,0.48066298342541436  ,59.80105324751317 ,30.697485806974857 ,Valuation Timeseries ,p_e_vs_3y_avg
