category                 ,feature                     ,count,mean                  ,median                ,std                  ,min                ,q25                   ,q75                  ,max               ,positive_pct      ,missing_pct
Valuation Ratios         ,p_e_ratio                   ,2214 ,37.09390243902439     ,22.8                  ,48.70592216456851    ,0.0                ,14.5                  ,39.1                 ,472.4             ,99.95483288166214 ,25.25320729237002
Valuation Ratios         ,p_b_ratio                   ,2855 ,5.19814360770578      ,2.5                   ,11.862591295153505   ,0.1                ,1.5                   ,5.0                  ,251.1             ,100.0             ,3.6124240378122887
Valuation Ratios         ,ev_ebitda_ratio             ,2634 ,16.837737281700836    ,10.6                  ,25.749746652791494   ,0.0                ,7.3                   ,16.3                 ,412.8             ,99.96203492786636 ,11.073598919648886
Valuation Ratios         ,ev_sales_ratio              ,2878 ,6.335441278665741     ,2.2                   ,27.39708981009512    ,0.0                ,1.1                   ,4.3                  ,492.8             ,99.89576094510076 ,2.835921674544227
Valuation Ratios         ,peg_ratio                   ,1771 ,0.4076256152551853    ,0.2897045139180854    ,12.249600503969344   ,-101.67959625419176,-1.474229848634344    ,1.6867768248727755   ,256.0137704346026 ,56.07001693958216 ,40.20931802835921
Valuation Ratios         ,ev_sales_trend_1y           ,2740 ,0.5622423412542219    ,0.0714285714285714    ,5.249024438280803    ,-1.0               ,-0.1818181818181818   ,0.4285714285714285   ,198.0             ,53.54014598540145 ,7.4949358541526
Valuation Ratios         ,ev_ebitda_momentum          ,2491 ,1.871663650474086     ,0.0625                ,38.546933477495124   ,-1.0               ,-0.2113247863247863   ,0.4509803921568627   ,1439.0            ,55.238859895624245,15.901417960837271
Valuation Ratios         ,p_e_momentum_yoy            ,2107 ,0.8895540956902862    ,0.1428571428571428    ,4.623790674589828    ,-1.0               ,-0.2413610485899642   ,0.7807017543859649   ,110.4             ,58.32937826293308 ,28.86563133018231
Valuation Ratios         ,p_e_momentum_qoq            ,2198 ,0.3677594394196157    ,0.1818181818181818    ,1.1305399482126763   ,-1.0               ,-0.061880487114131924 ,0.5                  ,28.285714285714285,68.24385805277525 ,25.79338284942606
Valuation Ratios         ,ev_sales_vs_3y_avg          ,2682 ,0.15224096572123333   ,0.0526315789473684    ,0.5794431440123797   ,-1.0               ,-0.13129290617848965  ,0.305678793256433    ,9.571428571428573 ,52.9082774049217  ,9.453072248480757
Valuation Ratios         ,ev_ebitda_vs_3y_avg         ,2429 ,0.12136572629728307   ,0.05                  ,0.5133891164958504   ,-1.0               ,-0.1619047619047619   ,0.2831858407079646   ,5.516483516483516 ,56.07245780156443 ,17.99459824442944
Valuation Ratios         ,p_e_vs_3y_avg               ,2043 ,0.28089296123090546   ,0.109375              ,0.8757052497614242   ,-1.0               ,-0.1956396198830409   ,0.48285112285283116  ,10.808080808080808,59.76505139500734 ,31.02633355840648
Valuation Ratios         ,ev_sales_forward_discount   ,2823 ,-6.894889754430508e-05,-0.073170731707317    ,2.1668640173201013   ,-0.9848648648648648,-0.1515151515151515   ,0.0                  ,109.4             ,11.016648955012398,4.692775151924375
Valuation Ratios         ,ev_ebitda_forward_discount  ,2559 ,-0.09019722769403327  ,-0.1282051282051282   ,0.6069421306132741   ,-0.976198347107438 ,-0.2711864406779661   ,-0.0173926194797338  ,9.316831683168317 ,21.727237202032043,13.605671843349088
Valuation Ratios         ,p_e_forward_discount        ,2088 ,-0.030662570211808442 ,-0.19784281464492856  ,1.41104214310041     ,-1.0               ,-0.4163838612368023   ,-0.0160731648031113  ,30.51282051282051 ,23.89846743295019 ,29.50708980418636
Valuation Ratios         ,p_b_vs_5y_avg               ,2395 ,1.173453194197784     ,1.0                   ,0.8224680127412389   ,0.0331858407079646 ,0.7142857142857142    ,1.3870967741935485   ,16.091743119266056,100.0             ,19.14247130317353
Valuation Ratios         ,ev_sales_qoq_1q             ,2844 ,0.29554888103413113   ,0.08                  ,2.9110584251953644   ,-1.0               ,-0.08600484913793102  ,0.3076923076923076   ,101.0             ,56.434599156118146,3.9837947332883186
Valuation Ratios         ,p_b_momentum_yoy            ,2738 ,0.5091141918258258    ,0.09918032786885245   ,2.082328635955575    ,-0.9935820296831128,-0.23904931862426987  ,0.5784412955465588   ,46.75             ,54.67494521548576 ,7.562457798784605
Valuation Ratios         ,forward_pe_premium          ,2088 ,-3.0662570211808484   ,-19.78428146449286    ,141.10421431004102   ,-100.0             ,-41.638386123680235   ,-1.6073164803111326  ,3051.2820512820513,23.89846743295019 ,29.50708980418636
Valuation Ratios         ,price_to_tangible_book      ,2275 ,10.01032967032967     ,3.7                   ,26.937316461389575   ,0.2                ,1.9                   ,8.3                  ,479.5             ,100.0             ,23.193787981093855
Valuation Ratios         ,tangible_equity_ratio       ,2913 ,25.471114524511748    ,25.838875831374704    ,37.43621532701149    ,-708.6255750891197 ,4.339342949937448     ,50.604134279425566   ,99.80475105759844 ,78.37281153450051 ,1.6542876434841325
Valuation Ratios         ,tangible_book_per_share     ,2962 ,1.3897257556333289e-05,1.93108869975e-06     ,0.0003551018720023175,-0.0002595411061334,9.104253862500001e-08 ,8.290276216174999e-06,0.0192517458252006,78.08912896691425 ,0.0
Momentum & Technical     ,price_momentum_1m           ,2961 ,3.007342328766837     ,2.836879432624113     ,15.253596414459023   ,-70.51282051282051 ,-4.7                  ,11.025641025641024   ,180.68669527897   ,60.452549814251945,0.0337609723160027
Momentum & Technical     ,price_momentum_3m           ,2951 ,9.660785534870275     ,7.044967880085653     ,39.60603228835836    ,-76.57841140529531 ,-5.203930249261164    ,21.137016425814558   ,1654.601226993865 ,64.48661470687902 ,0.3713706954760297
Momentum & Technical     ,price_momentum_6m           ,2938 ,20.10421115315186     ,8.936644837494196     ,64.3269659371171     ,-93.69269949066212 ,-7.745615745810767    ,32.015981409560126   ,1794.0397350993376,63.68277739959156 ,0.8102633355840648
Momentum & Technical     ,price_momentum_1y           ,2919 ,31.481213958331374    ,13.0515721806917      ,85.92120022276919    ,-95.62941176470589 ,-11.801358190168902   ,49.10034875304336    ,1622.8915662650602,64.4398766700925  ,1.4517218095881161
Momentum & Technical     ,price_momentum_5d           ,2959 ,1.3824009822656953    ,1.1406844106463878    ,6.506261892932499    ,-65.15151515151516 ,-1.6260162601626016   ,4.118320096917486    ,76.27523910733262 ,60.45961473470767 ,0.1012829169480081
Momentum & Technical     ,price_momentum_3y           ,2776 ,85.90541747309624     ,23.783632849574715    ,238.243390888158     ,-99.97960502692999 ,-18.745021063444675   ,92.87518037518038    ,3581.6838995568683,63.220461095100866,6.2795408507765025
Momentum & Technical     ,price_momentum_5y           ,2464 ,105.57219415489524    ,20.39009705770586     ,404.24560024797285   ,-99.99107619795758 ,-32.731866387078185   ,113.0541966678937    ,8428.477506094408 ,58.40097402597403 ,16.812964213369344
Momentum & Technical     ,ema_crossover_20_50         ,2962 ,0.3028359216745442    ,1.0                   ,0.9519627564058911   ,-1.0               ,-1.0                  ,1.0                  ,1.0               ,65.0236326806212  ,0.0
Momentum & Technical     ,ema_crossover_50_250        ,2962 ,0.2697501688048616    ,1.0                   ,0.9558772527006993   ,-1.0               ,-1.0                  ,1.0                  ,1.0               ,62.795408507765025,0.0
Momentum & Technical     ,price_vs_ema_20d            ,2961 ,0.011520450284642448  ,0.0149666432584269    ,0.06942885283182097  ,-0.6185737976782753,-0.0196423078613173   ,0.0486131654199946   ,0.5666135411132754,62.07362377575144 ,0.0337609723160027
Momentum & Technical     ,price_vs_ema_250d           ,2921 ,0.09936541413260896   ,0.0798793076067968    ,0.261615521395071    ,-0.9165411600484884,-0.0582998518331045   ,0.2219415717485583   ,2.1033963662470905,65.62820951728861 ,1.3841998649561107
Momentum & Technical     ,price_vs_ema_100d           ,2945 ,4.866412519164564     ,4.834760077045725     ,15.851939887908054   ,-69.8594794573895  ,-3.7869330004161457   ,13.541745515101052   ,91.622931830857   ,64.88964346349745 ,0.5739365293720459
Momentum & Technical     ,pct_off_52w_high            ,2962 ,-0.8217194564070712   ,-0.8760503427870932   ,0.17392751281870641  ,-1.0               ,-0.9645436358994796   ,-0.7295041009865718  ,0.0               ,0.0               ,0.0
Momentum & Technical     ,pct_above_52w_low           ,2961 ,-0.17687062250838176  ,-0.5106382978723404   ,1.3887251187263492   ,-1.0               ,-0.7944444444444444   ,-0.0190174326465927  ,40.8826416778224  ,24.451198919284025,0.0337609723160027
Momentum & Technical     ,range_52w_position          ,2962 ,0.6205856135740676    ,0.7047317918141477    ,0.32264318524887087  ,0.0                ,0.3553172796091955    ,0.9186863824540371   ,1.0               ,99.56110735989196 ,0.0
Momentum & Technical     ,beta_momentum               ,2827 ,0.005019455252918287  ,-0.01                 ,0.636136681492806    ,-8.9               ,-0.33                 ,0.34                 ,3.84              ,48.956490979837284,4.557731262660365
Momentum & Technical     ,volatility_regime           ,2960 ,0.9146224410128228    ,0.879999268817768     ,0.29437461559709527  ,0.0                ,0.7238704978739376    ,1.067372676693488    ,2.5432792887029287,99.96621621621622 ,0.0675219446320054
Momentum & Technical     ,ema_slope_20d               ,2955 ,0.013782814781404392  ,0.0152037227807182    ,0.052280068807950664 ,-0.3652726715686274,-0.012017903180288801 ,0.04339287642482935  ,0.3154452245062881,65.17766497461929 ,0.2363268062120189
Momentum & Technical     ,ema_trend_consistency       ,2962 ,0.27582714382174206   ,0.0                   ,0.7787383225714638   ,-1.0               ,0.0                   ,1.0                  ,1.0               ,47.90681971640783 ,0.0
Momentum & Technical     ,near_52w_high_flag          ,2962 ,0.30722484807562456   ,0.0                   ,0.4614213054885865   ,0.0                ,0.0                   ,1.0                  ,1.0               ,30.722484807562456,0.0
Momentum & Technical     ,near_52w_low_flag           ,2962 ,0.07157326130992572   ,0.0                   ,0.25782352781872236  ,0.0                ,0.0                   ,0.0                  ,1.0               ,7.157326130992573 ,0.0
Momentum & Technical     ,volume_momentum_score       ,2961 ,0.027586774738264104  ,0.0243                ,0.29682373046574445  ,-7.99796           ,-0.04059              ,0.1047               ,5.9076            ,60.047281323877066,0.0337609723160027
Momentum & Technical     ,breakout_signal             ,2962 ,0.3028359216745442    ,0.0                   ,0.45956243165754335  ,0.0                ,0.0                   ,1.0                  ,1.0               ,30.283592167454422,0.0
Momentum & Technical     ,high_volume_flag            ,2962 ,0.14517218095881163   ,0.0                   ,0.3523338323402787   ,0.0                ,0.0                   ,0.0                  ,1.0               ,14.517218095881162,0.0
Momentum & Technical     ,low_volume_flag             ,2962 ,0.06954760297096556   ,0.0                   ,0.25442599757720263  ,0.0                ,0.0                   ,0.0                  ,1.0               ,6.954760297096556 ,0.0
Momentum & Technical     ,volatility_compression      ,2960 ,4.414952702702703     ,4.2                   ,18.345113214204112   ,-151.33            ,-2.4325               ,10.4325              ,327.56            ,67.0945945945946  ,0.0675219446320054
Momentum & Technical     ,volatility_term_structure   ,2961 ,-1.0040020263424518   ,0.06                  ,12.67497549541834    ,-291.7             ,-3.34                 ,2.81                 ,225.86            ,50.55724417426545 ,0.0337609723160027
Momentum & Technical     ,long_term_trend_score       ,2962 ,0.5722985844811328    ,0.20055032495760133   ,1.4256093253793019   ,-0.9608384876038084,-0.09257856701764483  ,0.6976393324398936   ,20.754284328258212,66.47535449020931 ,0.0
Momentum & Technical     ,multi_year_high_flag        ,2962 ,0.35584064821066846   ,0.0                   ,0.4788480904001005   ,0.0                ,0.0                   ,1.0                  ,1.0               ,35.584064821066846,0.0
Momentum & Technical     ,secular_trend_flag          ,2962 ,0.39432815665091153   ,0.0                   ,0.48878842176706794  ,0.0                ,0.0                   ,1.0                  ,1.0               ,39.432815665091155,0.0
Profitability            ,roe                         ,2773 ,0.12355279480706816   ,0.0952                ,2.0582416654553977   ,-7.0679            ,0.0125                ,0.1826               ,86.042            ,77.38910926794085 ,6.380823767724511
Profitability            ,roa                         ,2845 ,0.03529008787346222   ,0.0429                ,0.11112180463033844  ,-1.5288            ,0.019                 ,0.0702               ,1.5083            ,85.27240773286468 ,3.9500337609723157
Profitability            ,gross_margin_pct            ,2866 ,0.4055849965108165    ,0.37805               ,0.2887453885671524   ,-2.9204            ,0.2373                ,0.5706               ,1.6127            ,98.29030006978368 ,3.2410533423362593
Profitability            ,operating_margin_pct        ,2903 ,-89.72351467637493    ,9.747349879564096     ,2071.4473883560995   ,-87722.22222222222 ,4.163171598972056     ,18.379278875071954   ,28886.567164179105,86.73785738890803 ,1.9918973666441593
Profitability            ,net_margin_pct              ,2821 ,0.08277869549805034   ,0.0579                ,1.507283023406286    ,-2.9561            ,0.012                 ,0.1271               ,75.8677           ,79.58170861396667 ,4.760297096556381
Profitability            ,ebitda_margin_pct           ,2903 ,-78.71322612214726    ,14.759147468276456    ,2038.6536187170593   ,-86500.0           ,7.559981390029664     ,25.582185139435204   ,28801.492537313432,90.2170168790906  ,1.9918973666441593
Profitability            ,ebitda_margin_ltm           ,2903 ,-78.71322612214726    ,14.759147468276456    ,2038.6536187170593   ,-86500.0           ,7.559981390029664     ,25.582185139435204   ,28801.492537313432,90.2170168790906  ,1.9918973666441593
Profitability            ,ebit_margin_ltm             ,2903 ,-89.72351467637493    ,9.747349879564096     ,2071.4473883560995   ,-87722.22222222222 ,4.163171598972056     ,18.379278875071954   ,28886.567164179105,86.73785738890803 ,1.9918973666441593
Profitability            ,roic                        ,2952 ,11.240327451695551    ,7.600213615481625     ,134.90160548462114   ,-2507.692307692308 ,3.3717816847472415    ,13.69290734945941    ,3503.719723183391 ,85.19647696476966 ,0.337609723160027
Profitability            ,rnd_intensity               ,2903 ,0.31145626537166615   ,0.0                   ,9.458923302074494    ,-54.02985074626866 ,0.0                   ,0.0084734987095578   ,494.0             ,28.143300034447122,1.9918973666441593
Profitability            ,equity_multiplier           ,2952 ,1.5722642723850797    ,2.064507602122937     ,34.831491080661664   ,-1402.1845841784989,1.5119727405066636    ,2.9732586801711824   ,157.25472238122495,95.73170731707317 ,0.337609723160027
Profitability            ,gross_margin_trend_yoy      ,2850 ,0.0027883859649122803 ,0.0                   ,0.06844503398041128  ,-0.8284            ,-0.0086               ,0.0097               ,1.406             ,48.73684210526316 ,3.7812288993923024
Profitability            ,operating_margin_trend      ,2891 ,204.60860720995953    ,0.0149914065486107    ,8134.928538398039    ,-18040.816326530607,-1.0470307897651798   ,1.5274308968804742   ,423348.5424028269 ,50.50155655482532 ,2.397029034436192
Profitability            ,net_margin_trend_yoy        ,2803 ,-0.23313339279343565  ,0.0                   ,9.375201495712428    ,-423.5292          ,-0.0157               ,0.01545              ,12.6201           ,46.37887977167321 ,5.3679945982444295
Profitability            ,ebitda_margin_trend         ,2891 ,193.3012093300558     ,0.0                   ,7674.614131478907    ,-18040.816326530607,-1.0366980504911774   ,1.4398657177591425   ,398111.7617364967 ,49.844344517468   ,2.397029034436192
Profitability            ,margin_expansion_flag       ,2962 ,0.26704929101958136   ,0.0                   ,0.44249301824249226  ,0.0                ,0.0                   ,1.0                  ,1.0               ,26.704929101958136,0.0
Profitability            ,gp_margin_fq                ,2874 ,-30.669704961835816   ,37.8374887949542      ,1772.0698649767799   ,-64514.28571428571 ,22.96780466354155     ,57.49086566864696    ,491.27911866117233,97.35560194850382 ,2.9709655638082375
Profitability            ,gp_margin_trend             ,2640 ,-65.00408057270421    ,-2.6062014907985214   ,1694.7769757723172   ,-62863.53369065849 ,-9.80227229011035     ,1.8651134744865323   ,1880.521577348712 ,34.696969696969695,10.87103308575287
Quality & Risk           ,has_goodwill_impairment     ,2962 ,0.08541525995948683   ,0.0                   ,0.2795458390553283   ,0.0                ,0.0                   ,0.0                  ,1.0               ,8.541525995948684 ,0.0
Quality & Risk           ,has_asset_writedown         ,2962 ,0.3953409858203916    ,0.0                   ,0.4890063623577059   ,0.0                ,0.0                   ,1.0                  ,1.0               ,39.534098582039164,0.0
Quality & Risk           ,has_restructuring           ,2962 ,0.25827143821742066   ,0.0                   ,0.437757923109039    ,0.0                ,0.0                   ,1.0                  ,1.0               ,25.827143821742066,0.0
Quality & Risk           ,goodwill_to_assets_pct      ,2913 ,9.847295737190658     ,1.8759161002202929    ,14.589646324176117   ,0.0                ,0.0                   ,15.12072809932413    ,85.38781007969469 ,61.860624785444564,1.6542876434841325
Quality & Risk           ,intangible_intensity        ,2913 ,0.056778447691314675  ,0.0                   ,0.1435707888117425   ,0.0                ,0.0                   ,0.0306835346159909   ,2.289218281277572 ,33.53930655681428 ,1.6542876434841325
Quality & Risk           ,exceptional_items_to_ebitda ,2940 ,0.18068956454954746   ,0.00144726720171025   ,1.6813318127288568   ,0.0                ,0.0                   ,0.04275813058784288  ,70.01652892561984 ,53.57142857142857 ,0.7427413909520594
Quality & Risk           ,altman_z_score              ,2469 ,4.511462130417173     ,2.69                  ,10.765378337724096   ,-16.94             ,1.65                  ,4.53                 ,250.11            ,96.51680842446333 ,16.64415935178933
Quality & Risk           ,altman_z_trend              ,2443 ,0.029656160458452707  ,0.0                   ,4.529591525769787    ,-115.42            ,-0.25                 ,0.28                 ,103.8             ,46.58207122390504 ,17.5219446320054
Quality & Risk           ,current_ratio               ,2910 ,2.6053951890034366    ,1.6                   ,4.539225370375098    ,0.1                ,1.1                   ,2.5                  ,114.4             ,100.0             ,1.7555705604321403
Quality & Risk           ,quick_ratio                 ,2911 ,2.1691606441893323    ,1.185242200328407     ,4.457291071324599    ,0.0                ,0.7942227899616211    ,1.9093824402189359   ,114.07894736842104,99.96564754379939 ,1.7218095881161375
Quality & Risk           ,distress_risk_score         ,2962 ,63.837215845149665    ,100.0                 ,43.96407504413232    ,0.0                ,2.5                   ,100.0                ,100.0             ,75.59081701553005 ,0.0
Quality & Risk           ,liquidity_stress_score      ,2962 ,9.095205941931127     ,0.0                   ,11.600625819048512   ,0.0                ,0.0                   ,15.0                 ,30.0              ,42.67386900742741 ,0.0
Quality & Risk           ,working_capital_trend       ,2946 ,0.924402063602001     ,0.0412920492187764    ,24.556955706489877   ,-171.0             ,-0.16081701917120003  ,0.2963094014827006   ,921.6666666666665 ,54.650373387644265,0.5401755570560433
Quality & Risk           ,cash_runway_months          ,2958 ,3.7022982366808423    ,1.6985057129216286    ,9.233171540048248    ,-144.20795510810365,0.6737338475874133    ,3.678524555063908    ,180.3310675729708 ,97.70114942528735 ,0.1350438892640108
Quality & Risk           ,accumulated_deficit_flag    ,2962 ,0.2474679270762998    ,0.0                   ,0.43161376902345094  ,0.0                ,0.0                   ,0.0                  ,1.0               ,24.74679270762998 ,0.0
Quality & Risk           ,adequate_cash_buffer        ,2962 ,0.13470627954085077   ,0.0                   ,0.34146722103387106  ,0.0                ,0.0                   ,0.0                  ,1.0               ,13.470627954085076,0.0
Quality & Risk           ,accounting_quality_score    ,2962 ,84.53747467927076     ,90.0                  ,18.05575383757845    ,20.0               ,75.0                  ,100.0                ,100.0             ,100.0             ,0.0
Quality & Risk           ,goodwill_change_rate        ,2127 ,3.555704697944467     ,0.0010701158516726    ,110.8783664875025    ,-1.0               ,-0.16364891935054132  ,0.0872427256004995   ,4447.070175438596 ,50.82275505406676 ,28.190411883862254
Quality & Risk           ,restructuring_intensity     ,2913 ,-0.0016114709326723493,0.0                   ,0.006712926925923182 ,-0.1346929872396117,0.0                   ,0.0                  ,0.0201911168175982,1.7507723995880538,1.6542876434841325
Quality & Risk           ,exceptional_items_frequency ,2962 ,0.362255232950709     ,0.0                   ,0.6079236271565813   ,0.0                ,0.0                   ,1.0                  ,3.0               ,29.912221471978395,0.0
Quality & Risk           ,merger_impact_ratio         ,2962 ,-0.003953392898403602 ,0.0                   ,0.020338014432726616 ,-0.4802454516094305,-0.00098397889083675  ,0.0                  ,0.0309184255561893,2.464550979068197 ,0.0
Quality & Risk           ,non_operating_income_share  ,2958 ,0.0                   ,0.0                   ,0.0                  ,0.0                ,0.0                   ,0.0                  ,0.0               ,0.0               ,0.1350438892640108
Quality & Risk           ,asset_sale_boost            ,2962 ,0.27481431465226197   ,0.0                   ,0.44649603867696797  ,0.0                ,0.0                   ,1.0                  ,1.0               ,27.481431465226198,0.0
Quality & Risk           ,beta_stability_score        ,2962 ,79.40681971640784     ,84.5                  ,19.262178060326843   ,0.0                ,71.0                  ,93.5                 ,100.0             ,98.98717083051991 ,0.0
Quality & Risk           ,high_beta_flag              ,2962 ,0.13166779203241052   ,0.0                   ,0.3381863347279785   ,0.0                ,0.0                   ,0.0                  ,1.0               ,13.166779203241052,0.0
Quality & Risk           ,low_beta_flag               ,2962 ,0.32950708980418636   ,0.0                   ,0.47011358373409995  ,0.0                ,0.0                   ,1.0                  ,1.0               ,32.95070898041864 ,0.0
Leverage & Liquidity     ,debt_to_equity              ,2952 ,0.14444086783328547   ,0.5149859675199057    ,25.101874515886653   ,-1029.4831460674156,0.15973278411677677   ,1.110871120434565    ,131.42186605609615,95.35907859078591 ,0.337609723160027
Leverage & Liquidity     ,debt_to_assets              ,2913 ,0.2846866952068881    ,0.2613019203302484    ,0.22484239650089163  ,0.0                ,0.1167125192732109    ,0.4018885845075733   ,3.042691594188932 ,98.28355647099211 ,1.6542876434841325
Leverage & Liquidity     ,equity_ratio                ,2913 ,0.45720152037210954   ,0.4620164634523735    ,0.27138158507443066  ,-3.342372261661741 ,0.3152042710000584    ,0.6249799828960234   ,0.9980475105759844,97.01338825952625 ,1.6542876434841325
Leverage & Liquidity     ,interest_coverage           ,2761 ,-3.9912733047472004   ,-4.337776719828612    ,2059.7043327198426   ,-41180.0           ,-11.444444444444445   ,-1.6838095238095239  ,93511.0           ,12.82144150670047 ,6.785955435516542
Leverage & Liquidity     ,interest_coverage_ratio     ,2761 ,-3.9912733047472004   ,-4.337776719828612    ,2059.7043327198426   ,-41180.0           ,-11.444444444444445   ,-1.6838095238095239  ,93511.0           ,12.82144150670047 ,6.785955435516542
Leverage & Liquidity     ,cash_ratio                  ,2911 ,0.9480237963616945    ,0.3619069985908877    ,2.9243625211377977   ,0.0                ,0.1670633988509763    ,0.8094076355391793   ,63.16216216216216 ,99.51906561319134 ,1.7218095881161375
Leverage & Liquidity     ,working_capital_ratio       ,2913 ,0.17656376887307956   ,0.1304786954419895    ,0.23089657620002757  ,-1.2200354782056149,0.0213570553914859    ,0.2872041984026528   ,0.970990604911818 ,79.3683487813251  ,1.6542876434841325
Leverage & Liquidity     ,asset_turnover              ,2913 ,0.7700736334746935    ,0.6496628488918172    ,0.5978342351640346   ,-0.080286646547212 ,0.3842320008263609    ,0.9921903881700554   ,6.212147713022242 ,98.043254376931   ,1.6542876434841325
Leverage & Liquidity     ,inventory_turnover          ,2368 ,51.5117946901225      ,5.032398971276621     ,1054.581678728367    ,-362.25            ,2.7463764388033733    ,12.624734934168629   ,50760.0           ,99.49324324324324 ,20.054017555705606
Leverage & Liquidity     ,receivables_days            ,2893 ,60.34479626797301     ,51.033490220338955    ,60.800754325992706   ,-0.312095766372147 ,28.290844944680263    ,75.37330501552036    ,1126.8484500574052,97.58036640165918 ,2.3295070898041863
Leverage & Liquidity     ,working_capital_turns       ,2913 ,18.781744919717827    ,2.805373013345685     ,891.0048338169437    ,-2199.435897435897 ,0.2531753285637744    ,6.430847212165098    ,47815.5           ,77.54891864057673 ,1.6542876434841325
Leverage & Liquidity     ,cash_to_assets_pct          ,2913 ,12.619607650667467    ,8.31045954564408      ,13.753203357511488   ,0.0                ,3.901800038267371     ,16.219355677221255   ,98.20339541783417 ,99.48506694129763 ,1.6542876434841325
Leverage & Liquidity     ,cash_change_qoq             ,2937 ,0.5399517346879663    ,0.0                   ,5.790372377118125    ,-1.0               ,-0.2226800794659216   ,0.3179551889695925   ,215.38709677419357,48.92747701736466 ,0.8440243079000675
Leverage & Liquidity     ,cash_vs_5y_avg              ,2582 ,1.1270961555336712    ,0.965326049453462     ,0.8464296377894751   ,0.0                ,0.6754518910408962    ,1.3468494426649467   ,13.276901761562314,97.5987606506584  ,12.829169480081026
Leverage & Liquidity     ,inventory_change_yoy        ,2367 ,0.054112295798620896  ,-0.0911081441922563   ,4.968381381330584    ,-1.0               ,-0.18631042565635256  ,0.0                  ,234.875           ,21.546261089987325,20.08777852802161
Leverage & Liquidity     ,inventory_vs_5y_avg         ,2274 ,1.1337620357737463    ,1.1308587927533187    ,0.5614960747428823   ,0.0                ,0.9428943429768261    ,1.3355529769468786   ,4.217194570135747 ,91.46877748460862 ,23.22754895340986
Leverage & Liquidity     ,working_capital_vs_5y_avg   ,2790 ,0.5729126116778007    ,1.2004139615420815    ,36.858242393881596   ,-1890.0            ,0.7343199219906655    ,1.737300485067983    ,144.59708737864077,88.13620071684588 ,5.806887238352465
Leverage & Liquidity     ,retained_earnings_vs_5y     ,2550 ,0.9805046207888504    ,1.17784585335977      ,9.403793384680098    ,-341.75            ,0.8243885262842789    ,1.497816411355147    ,119.4908256880734 ,85.88235294117646 ,13.909520594193111
Leverage & Liquidity     ,balance_sheet_strength      ,2962 ,57.56245779878461     ,50.0                  ,34.14340372609497    ,0.0                ,25.0                  ,100.0                ,100.0             ,86.79945982444295 ,0.0
Leverage & Liquidity     ,debt_maturity_risk          ,2940 ,2.9829503451196016    ,2.2544727104489524    ,24.92303801105782    ,-421.5172413793104 ,0.5415352246439966    ,4.200352662363705    ,950.25            ,87.89115646258503 ,0.7427413909520594
Leverage & Liquidity     ,intangibles_growth_flag     ,2962 ,0.08845374746792707   ,0.0                   ,0.2840016066587228   ,0.0                ,0.0                   ,0.0                  ,1.0               ,8.845374746792707 ,0.0
Leverage & Liquidity     ,asset_quality_score         ,2962 ,53.223589867556605    ,54.065690014490634    ,20.980074102124973   ,0.0                ,43.27968366449034     ,63.245404487401174   ,100.0             ,98.54827819041189 ,0.0
Leverage & Liquidity     ,debt_deleveraging           ,2962 ,0.1775827143821742    ,0.0                   ,0.38222561074043976  ,0.0                ,0.0                   ,0.0                  ,1.0               ,17.75827143821742 ,0.0
Leverage & Liquidity     ,debt_to_equity_trend        ,2956 ,0.04260426539206771   ,-0.0012467437597947   ,0.5885201696529475   ,-5.13876669925057  ,-0.06020931503924055  ,0.06548971026996797  ,11.805825242718447,46.54939106901218 ,0.2025658338960162
Analyst Sentiment        ,analyst_bullish_pct         ,2918 ,64.05580300465512     ,66.98717948717947     ,31.127566716272415   ,0.0                ,42.857142857142854    ,92.85714285714285    ,100.0             ,92.66620973269363 ,1.4854827819041188
Analyst Sentiment        ,analyst_bearish_pct         ,2959 ,6.051853258513092     ,0.0                   ,13.413207429992848   ,0.0                ,0.0                   ,7.142857142857143    ,100.0             ,32.40959783710713 ,0.1012829169480081
Analyst Sentiment        ,upside_potential            ,2961 ,24.691147497131535    ,14.540178571428571    ,49.61258581694645    ,-77.99295774647887 ,1.6547861507128308    ,34.95145631067961    ,1632.591304347826 ,78.62208713272543 ,0.0337609723160027
Analyst Sentiment        ,price_target_spread_pct     ,2962 ,41.79550491984818     ,36.36363636363636     ,38.88698958755908    ,0.0                ,18.84741591468417     ,54.545454545454554   ,667.3192771084337 ,89.9729912221472  ,0.0
Analyst Sentiment        ,price_target_revision_1m    ,2939 ,0.021841368651794618  ,0.0                   ,0.10459191633652869  ,-0.5               ,-0.004799334383018401 ,0.0260066794712245   ,2.0               ,46.30826811840762 ,0.7765023632680621
Analyst Sentiment        ,price_target_revision_3m    ,2925 ,0.04680806154412779   ,0.0092307720710067    ,0.1734958844275512   ,-0.6809523809523809,-0.022569355030129    ,0.0787111253606925   ,1.7580645161290325,54.5982905982906  ,1.2491559756921
Analyst Sentiment        ,eps_revision_momentum       ,2962 ,0.1490983372721134    ,0.0                   ,7.1564269730007615   ,-0.559545          ,-0.01098125           ,0.0290075            ,389.39295         ,46.320054017555705,0.0
Analyst Sentiment        ,analyst_rating_normalized   ,2962 ,74.13884199864957     ,77.25                 ,21.315996222171247   ,-25.0              ,64.25                 ,88.5                 ,100.0             ,98.21066846725186 ,0.0
Analyst Sentiment        ,analyst_coverage_quality    ,2962 ,1.0760436968110387    ,0.9751338515735597    ,0.7126051073348606   ,0.0984707135006365 ,0.49157921885599526   ,1.535181064208179    ,4.40590582544141  ,100.0             ,0.0
Analyst Sentiment        ,pt_momentum_1w              ,2958 ,0.0037088015005482056 ,0.0                   ,0.03583531049424469  ,-0.3333333333333333,0.0                   ,0.0                  ,0.8505371321812237,21.095334685598377,0.1350438892640108
Analyst Sentiment        ,pt_momentum_1m              ,2939 ,0.021841368651794618  ,0.0                   ,0.10459191633652869  ,-0.5               ,-0.004799334383018401 ,0.0260066794712245   ,2.0               ,46.30826811840762 ,0.7765023632680621
Analyst Sentiment        ,pt_momentum_3m              ,2925 ,0.04680806154412779   ,0.0092307720710067    ,0.1734958844275512   ,-0.6809523809523809,-0.022569355030129    ,0.0787111253606925   ,1.7580645161290325,54.5982905982906  ,1.2491559756921
Analyst Sentiment        ,pt_momentum_6m              ,2892 ,0.1269361688216408    ,0.037961944791834346  ,0.39575808484116537  ,-0.9641304467791147,-0.04742590719321275  ,0.1891142122304455   ,6.219650235923767 ,60.54633471645919 ,2.363268062120189
Analyst Sentiment        ,pt_momentum_1y              ,2854 ,0.18480914818329974   ,0.050411684653032     ,0.5900992121853779   ,-0.975999615993856 ,-0.1215624988950407   ,0.2982637008461614   ,8.5               ,58.33917309039944 ,3.6461850101282915
Analyst Sentiment        ,analyst_coverage_change_1m  ,2962 ,0.16272788656313303   ,0.0                   ,0.7992662032048319   ,-3.0               ,0.0                   ,0.0                  ,26.0              ,21.91087103308575 ,0.0
Analyst Sentiment        ,analyst_coverage_change_3m  ,2962 ,0.29912221471978395   ,0.0                   ,1.2088519786563372   ,-12.0              ,0.0                   ,1.0                  ,26.0              ,34.064821066846726,0.0
Analyst Sentiment        ,analyst_coverage_change_1y  ,2962 ,0.4453072248480756    ,0.0                   ,2.2579096418670073   ,-12.0              ,-1.0                  ,1.0                  ,27.0              ,41.72856178257934 ,0.0
Earnings Quality         ,eps_surprise_pct            ,1827 ,-14.164781374397014   ,-3.4482758620689653   ,309.23634304280216   ,-11800.0           ,-17.470291146761735   ,4.640148378763289    ,2300.0            ,33.71647509578544 ,38.31870357866307
Earnings Quality         ,revenue_surprise_pct        ,2875 ,1.2910303862832186    ,-2.8106860382226144   ,105.72052124578919   ,-342.3565005462644 ,-7.214663532069869    ,-0.00724527235206545 ,3106.6666666666665,24.869565217391305,2.937204591492235
Earnings Quality         ,eps_adjustment_ratio        ,1831 ,0.7278379871223818    ,1.0                   ,5.656569067602077    ,-127.85714285714285,0.6666666666666666    ,1.173980159935216    ,55.33333333333333 ,89.18623702894594 ,38.18365968939905
Earnings Quality         ,gaap_adj_eps_gap_pct        ,2617 ,-40.43737307808496    ,-2.2377622377622375   ,342.1957734247388    ,-11400.0           ,-25.0                 ,0.0                  ,2880.0            ,19.18226977455101 ,11.647535449020932
Earnings Quality         ,ebitda_adjustment_ratio     ,2940 ,0.7448470422684864    ,0.9759854231651942    ,4.198493971001078    ,-129.3137931034483 ,0.0                   ,1.1200968094499093   ,153.75            ,66.53061224489795 ,0.7427413909520594
Earnings Quality         ,eps_quarterly_trend         ,2700 ,0.07039905259775457   ,0.08559218559218555   ,18.883918692912765   ,-918.0             ,-0.2951209992193598   ,0.625                ,100.57142857142856,54.55555555555556 ,8.845374746792707
Earnings Quality         ,eps_yoy_growth              ,2904 ,18.202974224631337    ,4.40509586382907      ,610.8172114858934    ,-20260.0           ,-31.578947368421048   ,53.03030303030303    ,6600.0            ,52.96143250688705 ,1.9581363943281564
Earnings Quality         ,eps_qoq_growth              ,2745 ,26.764128303978577    ,3.703703703703704     ,437.7211995343736    ,-8666.666666666666 ,-14.814814814814815   ,42.857142857142854   ,9172.727272727272 ,51.693989071038246,7.326130992572587
Earnings Quality         ,eps_yoy_quarterly           ,2700 ,7.039905259775464     ,8.559218559218559     ,1888.3918692912764   ,-91800.0           ,-29.512099921935988   ,62.5                 ,10057.142857142857,54.55555555555556 ,8.845374746792707
Earnings Quality         ,eps_positive_streak         ,2962 ,3.534773801485483     ,4.0                   ,1.8243464267099714   ,0.0                ,2.0                   ,5.0                  ,5.0               ,87.643484132343   ,0.0
Earnings Quality         ,eps_cagr_3y                 ,1847 ,6.755957015740024     ,2.9704706757517045    ,41.97429523368578    ,-85.47016106972227 ,-13.093337419984387   ,18.198708638674184   ,701.040313265657  ,54.1959935029778  ,37.64348413234301
Earnings Quality         ,eps_cagr_5y                 ,1717 ,10.176970866092272    ,6.899623427539151     ,26.23207640558285    ,-78.00140760305607 ,-2.846589082483274    ,19.04750361672974    ,246.29471895995087,67.9673849737915  ,42.032410533423366
Earnings Quality         ,eps_improvement_count       ,2962 ,2.647535449020932     ,3.0                   ,1.0515306237789601   ,0.0                ,2.0                   ,3.0                  ,5.0               ,97.29912221471977 ,0.0
Earnings Quality         ,eps_trajectory_score        ,2962 ,52.95070898041864     ,60.0                  ,21.0306124755792     ,0.0                ,40.0                  ,60.0                 ,100.0             ,97.29912221471977 ,0.0
Earnings Quality         ,eps_adjustment_spread_ltm   ,1844 ,0.6611876355748373    ,0.04                  ,4.527952546003493    ,-105.69            ,-0.01                 ,0.63                 ,66.97             ,57.375271149674624,37.74476704929101
Earnings Quality         ,eps_adjustment_pct          ,1831 ,105.43801344343156    ,4.3478260869565215    ,556.4041812443833    ,-825.0             ,-1.3335704125177807   ,54.65367965367966    ,12885.714285714284,57.50955761878755 ,38.18365968939905
Earnings Quality         ,ni_adjustment_ratio         ,2958 ,0.19555481155933815   ,0.6960423982953152    ,19.230326338175786   ,-1010.0            ,0.0                   ,1.009120324389377    ,63.236111111111114,60.71670047329276 ,0.1350438892640108
Earnings Quality         ,net_income_adjustment_pct   ,2958 ,84.15427643557047     ,0.0                   ,1922.87380828713     ,-2589.8876404494385,-100.0                ,45.9677238308702     ,101100.0          ,45.19945909398242 ,0.1350438892640108
Earnings Quality         ,ebitda_adjustment_pct_fy    ,2945 ,61.52878253087666     ,8.667805294619985     ,669.362139013855     ,-497.7941176470588 ,0.3929273084479371    ,29.30674264007597    ,28300.0           ,77.14770797962649 ,0.5739365293720459
Earnings Quality         ,earnings_quality_score      ,2962 ,76.27908804176887     ,98.9990522610344      ,35.721127336904885   ,0.0                ,62.5                  ,100.0                ,100.0             ,87.91357191087104 ,0.0
Earnings Quality         ,earnings_quality_warning    ,2962 ,0.35111411208642807   ,0.0                   ,0.47739913802909223  ,0.0                ,0.0                   ,1.0                  ,1.0               ,35.11141120864281 ,0.0
Earnings Quality         ,forward_eps_gaap_adj_spread ,2638 ,0.4616376042456407    ,0.02                  ,2.486200788216562    ,-42.92             ,0.0                   ,0.2975               ,63.79             ,57.39196360879454 ,10.938555030384874
Earnings Quality         ,gaap_revision_momentum      ,2962 ,0.03973584571235651   ,0.0                   ,0.7459089539492496   ,-0.88751           ,-0.02473              ,0.03972125           ,36.86927          ,41.08710330857529 ,0.0
Earnings Quality         ,gaap_revision_1m            ,2225 ,0.023031101123595507  ,0.0082                ,0.34518154504735327  ,-0.8917            ,-0.0005               ,0.027                ,14.2473           ,62.29213483146068 ,24.88183659689399
Earnings Quality         ,gaap_revision_3m            ,2200 ,0.07963468181818183   ,0.008799999999999999  ,2.2911171187987422   ,-0.9602            ,-0.016149999999999998 ,0.050525             ,105.731           ,57.86363636363636 ,25.725860904794057
Earnings Quality         ,gaap_revision_6m            ,2164 ,0.03819510166358595   ,-0.0021000000000000003,0.6544119061753806   ,-1.0               ,-0.0937               ,0.074875             ,16.2972           ,48.75231053604436 ,26.941255908170152
Earnings Quality         ,gaap_revision_1y            ,2105 ,0.09714133016627079   ,-0.0125               ,1.7927099834508622   ,-1.0               ,-0.2161               ,0.1477               ,68.8204           ,47.648456057007124,28.933153274814316
Earnings Quality         ,gaap_vs_norm_revision_spread,2055 ,-0.06094861313868614  ,0.0                   ,2.366731465976157    ,-105.7612          ,-0.01205              ,0.0169               ,2.5656            ,45.352798053527984,30.62120189061445
Earnings Quality         ,gaap_revision_acceleration  ,2156 ,-0.016333163265306122 ,0.0111                ,0.7181886052651031   ,-16.2444           ,-0.056                ,0.093                ,14.2943           ,56.12244897959183 ,27.211343686698175
Earnings Quality         ,gaap_positive_revision_flag ,2962 ,0.24881836596893991   ,0.0                   ,0.4324013296957175   ,0.0                ,0.0                   ,0.0                  ,1.0               ,24.88183659689399 ,0.0
Earnings Quality         ,earnings_quality_composite  ,2962 ,56.76569885212694     ,55.0                  ,22.714811160708745   ,5.0                ,45.0                  ,70.0                 ,100.0             ,100.0             ,0.0
Growth Metrics           ,ebitda_growth_yoy           ,2939 ,-34.48688266399381    ,4.622571289237956     ,3608.676848619013    ,-192800.0          ,-11.944391196825052   ,23.669866825967926   ,19124.32950191571 ,57.94487921061585 ,0.7765023632680621
Growth Metrics           ,operating_income_growth     ,2958 ,58.193040444528364    ,7.170146196848143     ,1193.3806053164155   ,-10710.0           ,-6.518586415186936    ,25.642685827474086   ,59200.0           ,61.528059499661936,0.1350438892640108
Growth Metrics           ,fcf_growth                  ,2950 ,61.45822334289644     ,1.275740720179832     ,1160.9158174573374   ,-14337.5           ,-30.396052085492947   ,40.571281764566024   ,38614.678899082566,50.847457627118644,0.4051316677920324
Growth Metrics           ,fcf_growth_yoy              ,2952 ,179.07932120681005    ,4.877239692787786     ,3482.6580327605725   ,-27625.0           ,-37.16955622999634    ,65.6862256120005     ,165785.7142857143 ,53.2859078590786  ,0.337609723160027
Growth Metrics           ,revenue_cagr_5y             ,2676 ,0.1524755231689088    ,0.08704999999999999   ,0.2791531045336129   ,-0.5556            ,0.037075              ,0.171525             ,4.3155            ,89.20029895366218 ,9.655638082376772
Growth Metrics           ,forward_revenue_growth      ,2763 ,0.6196026058631922    ,0.122                 ,9.963100465601135    ,-1.0               ,0.0372                ,0.23185              ,286.8585          ,83.423814694173   ,6.718433490884538
Growth Metrics           ,revenue_vs_5y_avg           ,2701 ,1.2762369817842003    ,1.1848015504633476    ,0.6094574193878931   ,-1.7081087484451816,1.0547491322183653    ,1.3918609956529804   ,15.558241758241758,99.33358015549797 ,8.811613774476704
Growth Metrics           ,revenue_acceleration        ,2578 ,0.24267366175329713   ,0.019549999999999998  ,6.881763012693201    ,-4.5137            ,-0.07755000000000001  ,0.126525             ,285.7702          ,55.46935608999224 ,12.964213369345037
Growth Metrics           ,ebit_growth_yoy             ,2956 ,56.814974391409606    ,4.819276272628711     ,856.1262329257554    ,-8314.285714285714 ,-16.123777666854195   ,31.52100833380678    ,33700.0           ,56.867388362652235,0.2025658338960162
Growth Metrics           ,ebit_cagr_3y                ,2207 ,13.618451235435169    ,6.557302736974437     ,65.05176331295576    ,-92.80609557150937 ,-6.221943023834724    ,21.110620175719774   ,2033.7791358923323,64.29542365201631 ,25.48953409858204
Growth Metrics           ,ebitda_cagr_3y              ,2385 ,12.186743415105639    ,6.355642686646029     ,43.91139239144457    ,-74.17841941702049 ,-3.853447068735965    ,18.58179327480463    ,989.9918636993318 ,66.75052410901468 ,19.480081026333558
Growth Metrics           ,net_income_growth_yoy       ,2955 ,-15.619004529730175   ,-4.613413071337035    ,680.4309585558706    ,-14033.41346153846 ,-53.31864904552128    ,31.49307052199597    ,20216.83168316832 ,45.5160744500846  ,0.2363268062120189
Growth Metrics           ,gp_yoy_growth               ,2891 ,15.277665858900466    ,4.6234191797655       ,194.84636819503527   ,-3859.019607843137 ,-6.4288942442867985   ,17.084957061375135   ,5569.364161849711 ,61.016949152542374,2.397029034436192
Revenue Forecasting      ,revenue_est_spread          ,2866 ,0.4042866386475222    ,0.0                   ,6.730726394822502    ,-18.42105263157895 ,-0.06936637913200143  ,0.13564388699939553  ,206.8825910931174 ,43.719469644103285,3.2410533423362593
Revenue Forecasting      ,revenue_beat_potential      ,2875 ,1.2910303862832186    ,-2.8106860382226144   ,105.72052124578919   ,-342.3565005462644 ,-7.214663532069869    ,-0.00724527235206545 ,3106.6666666666665,24.869565217391305,2.937204591492235
Revenue Forecasting      ,revenue_est_revision_trend  ,2763 ,0.6196026058631922    ,0.122                 ,9.963100465601135    ,-1.0               ,0.0372                ,0.23185              ,286.8585          ,83.423814694173   ,6.718433490884538
Revenue Forecasting      ,ebitda_est_vs_actual        ,2891 ,18.3000498224457      ,-14.369496682205446   ,4097.779271859163    ,-41387.5           ,-30.265690782447145   ,-4.2569442951821035  ,214175.0          ,16.049809754410237,2.397029034436192
Revenue Forecasting      ,forward_revenue_multiple    ,2871 ,40.14317838451934     ,2.118843158945287     ,846.9644111662471    ,-17.656405163853027,1.1050205557972674    ,4.236525808487909    ,35745.75          ,99.82584465343086 ,3.072248480756246
Revenue Forecasting      ,revenue_estimate_count      ,2962 ,7.071573261309926     ,5.0                   ,6.880139114969854    ,0.0                ,2.0                   ,10.0                 ,54.0              ,92.20121539500337 ,0.0
Revenue Forecasting      ,revenue_guidance_gap        ,2875 ,22.003886711963396    ,3.5488405735901694    ,394.8478395362835    ,-100.0             ,0.0                   ,8.805132880345024    ,15718.181818181818,74.36521739130436 ,2.937204591492235
Revenue Forecasting      ,consensus_revenue_growth    ,2893 ,63.70589507481834     ,12.377104880892263    ,985.1414100393494    ,-100.0             ,3.4801212610742747    ,23.759600918520864   ,28726.666666666664,82.371240926374   ,2.3295070898041863
Revenue Forecasting      ,forward_ebitda_margin       ,2875 ,-191.82349007623625   ,17.479699300803784    ,4889.318344452362    ,-222944.44444444444,10.011829975453118    ,29.875963271081265   ,469.24511731002474,92.80000000000001 ,2.937204591492235
Revenue Forecasting      ,estimate_confidence_score   ,2962 ,99.34267559581654     ,99.90673574150728     ,4.255110283088473    ,0.0                ,99.63319712061346     ,99.99546636754681    ,100.0             ,99.89871708305199 ,0.0
Dividend Features        ,dividend_streak             ,2962 ,2.188048615800135     ,1.0                   ,5.294382107961174    ,0.0                ,0.0                   ,2.0                  ,54.0              ,65.56380823767725 ,0.0
Dividend Features        ,dividend_yield_ltm          ,1812 ,0.0346487306843267    ,0.0242                ,0.057437490604445036 ,0.0                ,0.0119                ,0.0415               ,1.1945            ,99.39293598233996 ,38.825118163403104
Dividend Features        ,dividend_yield_ntm          ,2617 ,0.02541318303400841   ,0.0179                ,0.04029960244065846  ,0.0                ,0.0                   ,0.0368               ,0.8246            ,72.56400458540313 ,11.647535449020932
Dividend Features        ,dividend_payout_ratio       ,2010 ,0.4998076972478934    ,0.05900827872128715   ,9.849930031096836    ,-143.73529411764704,0.0                   ,0.49165381382837414  ,397.344           ,51.99004975124378 ,32.14044564483457
Dividend Features        ,fcf_dividend_coverage       ,1762 ,12.650839354333812    ,2.071867002572044     ,282.5949478291098    ,-4279.0            ,0.8619063771839544    ,4.029086151368761    ,8321.333333333332 ,84.56299659477867 ,40.51316677920324
Dividend Features        ,buyback_yield               ,2103 ,-0.0023416547788873035,0.002                 ,0.07109518174453841  ,-0.6754            ,-0.0017               ,0.0172               ,0.5822            ,62.38706609605325 ,29.00067521944632
Dividend Features        ,total_shareholder_yield     ,2962 ,0.019533760972316003  ,0.0172                ,0.07832149041498751  ,-0.6306            ,0.0                   ,0.0435               ,1.1945            ,71.80958811613775 ,0.0
Dividend Features        ,dividend_growth_expectation ,1742 ,-0.0011670493685419056,0.0013                ,0.04537701222791967  ,-0.693             ,-0.0007               ,0.004975             ,0.7876            ,67.04936854190585 ,41.188386225523296
Dividend Features        ,days_since_ex_date          ,1863 ,133.64036500268384    ,94.0                  ,106.17870210217775   ,-295.0             ,53.5                  ,234.0                ,352.0             ,92.21685453569512 ,37.10330857528697
Dividend Features        ,days_to_payment             ,1848 ,-112.00811688311688   ,-83.0                 ,121.61012570365278   ,-346.0             ,-221.5                ,-31.0                ,1042.0            ,15.205627705627705,37.60972316002701
Dividend Features        ,dividend_announced_flag     ,2962 ,0.042538825118163405  ,0.0                   ,0.2018490245663229   ,0.0                ,0.0                   ,0.0                  ,1.0               ,4.25388251181634  ,0.0
Dividend Features        ,ex_date_approaching_flag    ,2962 ,0.018906144496961513  ,0.0                   ,0.1362166162196684   ,0.0                ,0.0                   ,0.0                  ,1.0               ,1.8906144496961512,0.0
Dividend Features        ,dividend_frequency_score    ,2962 ,0.9412559081701553    ,0.0                   ,1.636482348682279    ,0.0                ,0.0                   ,1.0                  ,12.0              ,38.014854827819036,0.0
Dividend Features        ,dividend_consistency        ,2962 ,0.16549628629304525   ,0.1                   ,0.2425894031635289   ,0.0                ,0.0                   ,0.2                  ,1.0               ,65.56380823767725 ,0.0
Dividend Features        ,dividend_yield_vs_5y_avg    ,1557 ,1.042083978119391     ,0.9565217391304348    ,0.6334135628171698   ,0.0                ,0.6756756756756755    ,1.2916666666666667   ,7.1578313253012045,99.55041746949261 ,47.43416610398379
Dividend Features        ,div_yield_ind               ,1983 ,0.032129500756429646  ,0.024                 ,0.049152733114820636 ,0.0                ,0.011                 ,0.0405               ,1.3191            ,94.65456379223399 ,33.05199189736665
Dividend Features        ,div_yield_1fy_ind           ,2035 ,0.03199734643734643   ,0.0235                ,0.04168946506468897  ,0.0                ,0.0091                ,0.0419               ,0.8211            ,86.04422604422605 ,31.296421336934504
Dividend Features        ,div_yield_5y_avg            ,1827 ,0.03409085933223865   ,0.0267                ,0.04057887467319752  ,0.0                ,0.0145                ,0.04345              ,1.1377            ,99.83579638752053 ,38.31870357866307
Dividend Features        ,div_yield_vs_5y_avg         ,1557 ,1.042083978119391     ,0.9565217391304348    ,0.6334135628171698   ,0.0                ,0.6756756756756755    ,1.2916666666666667   ,7.1578313253012045,99.55041746949261 ,47.43416610398379
Dividend Features        ,div_yield_growth_expected   ,1732 ,50.00532738928195     ,6.531897602600569     ,339.52853807943325   ,-100.0             ,-3.375431650392951    ,25.12721560056009    ,6403.252032520325 ,67.14780600461894 ,41.52599594868332
Dividend Features        ,high_yield_flag             ,2962 ,0.0                   ,0.0                   ,0.0                  ,0.0                ,0.0                   ,0.0                  ,0.0               ,0.0               ,0.0
Dividend Features        ,sustainable_dividend_flag   ,2962 ,0.07967589466576637   ,0.0                   ,0.2708365022705287   ,0.0                ,0.0                   ,0.0                  ,1.0               ,7.967589466576637 ,0.0
Cash Flow                ,cfo_to_net_income           ,2958 ,0.9023963494909225    ,1.4121605826331074    ,21.286165925392364   ,-726.351724137931  ,0.5246095567673514    ,2.3722005636830015   ,482.6885245901639 ,79.78363759296823 ,0.1350438892640108
Cash Flow                ,fcf_to_net_income           ,2958 ,0.5927392499932538    ,0.8780664699206726    ,13.334485562816193   ,-272.3103448275862 ,0.0                   ,1.5593332685356636   ,412.8             ,74.94929006085192 ,0.1350438892640108
Cash Flow                ,fcf_margin                  ,2903 ,-1.425901385617064    ,0.064169735015392     ,44.03239380392238    ,-2246.1111111111113,0.00030491903780485003,0.13641861555564755  ,284.65671641791045,75.09472959007923 ,1.9918973666441593
Cash Flow                ,cfo_growth_yoy              ,2949 ,1.0129633233811581    ,0.0480330042728746    ,47.134130950337045   ,-382.46857142857135,-0.3376649541654074   ,0.4421444165925446   ,2103.8571428571427,54.12004069175992 ,0.4388926401080351
Cash Flow                ,fcf_positive_ratio          ,2962 ,0.6467927076299798    ,0.8                   ,0.35170954651135383  ,0.0                ,0.4                   ,1.0                  ,1.0               ,86.2592842673869  ,0.0
Cash Flow                ,fcf_positive_years          ,2962 ,3.601958136394328     ,4.0                   ,1.6850765039959223   ,0.0                ,3.0                   ,5.0                  ,5.0               ,90.0405131667792  ,0.0
Cash Flow                ,fcf_always_positive         ,2962 ,0.4486833220796759    ,0.0                   ,0.4974436049850581   ,0.0                ,0.0                   ,1.0                  ,1.0               ,44.86833220796759 ,0.0
Cash Flow                ,acquisition_intensity       ,2962 ,110.58876097231601    ,0.0                   ,679.7906989803902    ,0.0                ,0.0                   ,16.3075              ,16681.26          ,40.91829844699527 ,0.0
Cash Flow                ,self_funding_ratio          ,2854 ,6.322927531580668     ,1.6171173250776045    ,70.07151682854105    ,-701.8571428571429 ,0.6678397988802843    ,3.22257680723256     ,2133.272727272727 ,88.01681850035038 ,3.6461850101282915
Cash Flow                ,self_funding_flag           ,2962 ,0.6404456448345712    ,1.0                   ,0.479950820593867    ,0.0                ,0.0                   ,1.0                  ,1.0               ,64.04456448345712 ,0.0
Cash Flow                ,capex_vs_5y_avg             ,2668 ,1.2399783825332427    ,1.0344164858671316    ,1.9423388806593542   ,0.0                ,0.6076412593871732    ,1.4565822289094545   ,59.24641460234681 ,91.22938530734632 ,9.925725860904794
Cash Flow                ,underinvestment_flag        ,2962 ,0.26434841323430114   ,0.0                   ,0.4410600936684204   ,0.0                ,0.0                   ,1.0                  ,1.0               ,26.434841323430113,0.0
Cash Flow                ,cfo_share_of_cf             ,2861 ,0.43302479510560815   ,0.4748171855831899    ,0.16460023945543517  ,0.0008138141248538 ,0.344124448181627     ,0.5252887917577271   ,0.972517730496454 ,100.0             ,3.409858203916273
Cash Flow                ,cfi_share_of_cf             ,2861 ,0.2782457884661532    ,0.249386753883892     ,0.17437118648648423  ,0.0                ,0.138761884026417     ,0.411660777385159    ,0.9629948364888123,99.75533030408948 ,3.409858203916273
Cash Flow                ,cff_share_of_cf             ,2861 ,0.2887294164282385    ,0.2806632528651548    ,0.17619827708165456  ,0.0                ,0.1452213578968245    ,0.4126587148903424   ,0.9896074011973665,99.860188745194   ,3.409858203916273
Cash Flow                ,fcf_4q_improvement          ,2769 ,0.9068068848042015    ,0.0677759863717944    ,25.178388868422026   ,-567.0             ,-0.5057999790991744   ,0.8297435897435897   ,699.3461538461538 ,54.135066811123146,6.5158676569885206
Cash Flow                ,cash_flow_quality_score     ,2962 ,61.50405131667792     ,75.0                  ,35.283023440770855   ,0.0                ,25.0                  ,100.0                ,100.0             ,84.90884537474679 ,0.0
Cash Flow                ,cfo_quarterly_trend         ,2750 ,89.56653528391206     ,9.034426269001901     ,1605.8385318199669   ,-46800.0           ,-31.215244992672766   ,61.26194494887106    ,33322.222222222226,57.163636363636364,7.157326130992573
Cash Flow                ,cfi_quarterly_trend         ,2735 ,-182.04279680272026   ,-7.947019867549667    ,4657.88112407695     ,-91131.03448275862 ,-105.46810486115055   ,48.3475650969452     ,139000.0          ,46.47166361974406 ,7.6637407157326125
Cash Flow                ,cff_quarterly_trend         ,2717 ,1522.8272606985593    ,0.0                   ,38014.12279591304    ,-399800.0          ,-104.95049504950497   ,83.36626640320209    ,1416700.0         ,49.760765550239235,8.27143821742066
Cash Flow                ,fcf_quarterly_trend         ,2769 ,90.68068848042012     ,6.777598637179448     ,2517.838886842202    ,-56700.0           ,-50.57999790991744    ,82.97435897435898    ,69934.61538461538 ,54.135066811123146,6.5158676569885206
Cash Flow                ,cfo_positive_quarters       ,2962 ,3.7808912896691425    ,5.0                   ,1.6861874493918976   ,0.0                ,3.0                   ,5.0                  ,5.0               ,88.8588791357191  ,0.0
Cash Flow                ,cfo_positive_years          ,2962 ,4.164415935178933     ,5.0                   ,1.500526693478401    ,0.0                ,4.0                   ,5.0                  ,5.0               ,93.11276164753545 ,0.0
Cash Flow                ,cfi_negative_quarters       ,2962 ,3.9790681971640782    ,5.0                   ,1.4930552086930322   ,0.0                ,3.0                   ,5.0                  ,5.0               ,93.61917623227549 ,0.0
Cash Flow                ,cash_burn_rate              ,2960 ,0.120804784928189     ,0.0                   ,1.891470591484744    ,0.0                ,0.0                   ,0.0                  ,81.83333333333333 ,22.87162162162162 ,0.0675219446320054
Cash Flow                ,financing_dependency        ,2861 ,2.01829883662323      ,0.6087807606263982    ,23.573696703681538   ,0.0                ,0.3098591549295774    ,1.0250820269777616   ,1203.3090909090909,99.860188745194   ,3.409858203916273
Cash Flow                ,fcf_yield                   ,2962 ,4.157379394467651     ,3.7339831978128037    ,17.237926531977003   ,-258.6077395799947 ,0.0                   ,8.091865553941952    ,490.2453654239067 ,73.6326806212019  ,0.0
Cash Flow                ,capex_yoy_growth            ,2894 ,109.80383779492836    ,0.6118103280068419    ,3169.5711646072195   ,-100.0             ,-23.682787679916473   ,29.112369151890622   ,167150.0          ,50.725639253628195,2.2957461174881835
Cash Flow                ,capex_qoq_growth            ,2666 ,69.37157404182311     ,5.659839837069034     ,1183.7750647974676   ,-100.0             ,-14.285714285714285   ,25.833418000951355   ,42240.0           ,57.72693173293323 ,9.9932478055368
Cash Flow                ,capex_3y_trend              ,2859 ,396.00082350702615    ,27.69709543568465     ,8164.766216620525    ,-100.0             ,-19.85787842478889    ,96.26387182628461    ,352575.0          ,64.74291710388248 ,3.477380148548278
Cash Flow                ,capex_volatility            ,2795 ,2.017270297704256     ,1.473222281927279     ,1.7407114014467695   ,0.0631812368739073 ,0.8427457634557973    ,2.6385918823995924   ,10.0              ,100.0             ,5.638082376772451
Cash Flow                ,capex_acceleration          ,2962 ,0.28190411883862254   ,0.0                   ,0.4500028371593365   ,0.0                ,0.0                   ,1.0                  ,1.0               ,28.190411883862254,0.0
Cash Flow                ,capex_cut_flag              ,2962 ,0.23565158676569886   ,0.0                   ,0.4244770278739306   ,0.0                ,0.0                   ,0.0                  ,1.0               ,23.565158676569887,0.0
Cash Flow                ,overinvestment_flag         ,2962 ,0.20796758946657665   ,0.0                   ,0.4059220369278944   ,0.0                ,0.0                   ,0.0                  ,1.0               ,20.796758946657665,0.0
Cash Flow                ,acquisitions_yoy_growth     ,1184 ,2057.715848087362     ,-60.00782472613459    ,15412.895158019848   ,-100.0             ,-100.0                ,138.1956013275506    ,251700.0          ,38.26013513513514 ,60.0270087778528
Cash Flow                ,acquisitions_vs_5y_avg      ,1939 ,1.2233957051982904    ,0.0                   ,25.84509285569955    ,0.0                ,0.0                   ,0.030134663634938    ,1063.421875       ,30.067044868488914,34.537474679270765
Cash Flow                ,acquisitions_ltm_total      ,2962 ,110.40564483457125    ,0.0                   ,691.4540339333442    ,0.0                ,0.0                   ,17.479999999999997   ,16712.84          ,41.72856178257934 ,0.0
Cash Flow                ,ma_intensity_score          ,2913 ,1.4349038319538032    ,0.0                   ,4.285417142540379    ,0.0                ,0.0                   ,0.5173884487612382   ,63.429450396265075,42.430484037075175,1.6542876434841325
Cash Flow                ,serial_acquirer_flag        ,2962 ,0.3288318703578663    ,0.0                   ,0.4698680745928515   ,0.0                ,0.0                   ,1.0                  ,1.0               ,32.883187035786634,0.0
Cash Flow                ,acquisition_pause_flag      ,2962 ,0.2049291019581364    ,0.0                   ,0.4037179603720745   ,0.0                ,0.0                   ,0.0                  ,1.0               ,20.49291019581364 ,0.0
Cash Flow                ,total_investment_to_cfo     ,2861 ,1.1880418058224145    ,0.4360698405812818    ,5.52745332026197     ,0.0                ,0.1888492309814469    ,0.8923599870508255   ,143.71428571428572,98.7416987067459  ,3.409858203916273
Cash Flow                ,organic_vs_inorganic        ,1236 ,191.9823767773953     ,2.7682539901386143    ,1382.9090961812628   ,0.0                ,0.4858484372037867    ,18.14757359655607    ,28615.0           ,99.59546925566343 ,58.27143821742066
Cash Flow                ,investment_efficiency       ,2902 ,3.056184746966092     ,0.20749358076875926   ,320.4659121338135    ,-13135.5           ,-0.9185826946096471   ,2.0076543416429646   ,5783.5            ,56.75396278428669 ,2.025658338960162
Temporal Patterns        ,fiscal_quarter              ,2947 ,2.845266372582287     ,3.0                   ,0.5438795622569788   ,1.0                ,3.0                   ,3.0                  ,4.0               ,100.0             ,0.5064145847400405
Temporal Patterns        ,fiscal_month                ,2947 ,8.526976586359009     ,9.0                   ,1.6261823064726613   ,2.0                ,9.0                   ,9.0                  ,12.0              ,100.0             ,0.5064145847400405
Temporal Patterns        ,fiscal_year                 ,2947 ,2025.1655921275874    ,2025.0                ,0.3754115378107594   ,2023.0             ,2025.0                ,2025.0               ,2026.0            ,100.0             ,0.5064145847400405
Temporal Patterns        ,days_to_earnings            ,2962 ,11.644159351789332    ,13.0                  ,8.308980504667561    ,-1.0               ,5.0                   ,15.0                 ,28.0              ,85.95543551654288 ,0.0
Temporal Patterns        ,earnings_report_recency     ,2958 ,146.8478701825558     ,135.0                 ,41.894667753739206   ,43.0               ,135.0                 ,135.0                ,958.0             ,100.0             ,0.1350438892640108
Temporal Patterns        ,reporting_lag               ,2958 ,158.49763353617308    ,148.0                 ,43.667757070715204   ,42.0               ,140.0                 ,156.0                ,959.0             ,100.0             ,0.1350438892640108
Temporal Patterns        ,fiscal_year_progress        ,2947 ,0.710581382196584     ,0.75                  ,0.13551519220605512  ,0.1666666666666666 ,0.75                  ,0.75                 ,1.0               ,100.0             ,0.5064145847400405
Temporal Patterns        ,days_since_last_report      ,2958 ,146.8478701825558     ,135.0                 ,41.894667753739206   ,43.0               ,135.0                 ,135.0                ,958.0             ,100.0             ,0.1350438892640108
Temporal Patterns        ,days_to_fy_end              ,2948 ,-381.68724559023065   ,-408.0                ,72.36090324972302    ,-1139.0            ,-408.0                ,-408.0               ,-43.0             ,0.0               ,0.4726536124240378
Temporal Patterns        ,is_quarter_end_month        ,2962 ,0.0                   ,0.0                   ,0.0                  ,0.0                ,0.0                   ,0.0                  ,0.0               ,0.0               ,0.0
Temporal Patterns        ,is_fy_end_month             ,2962 ,0.008777852802160702  ,0.0                   ,0.09329383993484526  ,0.0                ,0.0                   ,0.0                  ,1.0               ,0.8777852802160702,0.0
Temporal Patterns        ,earnings_season_flag        ,2962 ,1.0                   ,1.0                   ,0.0                  ,1.0                ,1.0                   ,1.0                  ,1.0               ,100.0             ,0.0
Temporal Patterns        ,pre_earnings_window         ,2962 ,0.6336934503713707    ,1.0                   ,0.48187597554748496  ,0.0                ,0.0                   ,1.0                  ,1.0               ,63.36934503713707 ,0.0
Temporal Patterns        ,post_earnings_window        ,2962 ,0.0                   ,0.0                   ,0.0                  ,0.0                ,0.0                   ,0.0                  ,0.0               ,0.0               ,0.0
Temporal Patterns        ,reporting_freshness_score   ,2962 ,0.8875384499962488    ,0.0                   ,7.137608110370442    ,0.0                ,0.0                   ,0.0                  ,100.0             ,1.7218095881161375,0.0
Employee Productivity    ,revenue_per_employee        ,2503 ,0.7640575276928389    ,0.3571097424412094    ,5.766322822548896    ,-228.055           ,0.21298826508752594   ,0.6556263736263737   ,100.79            ,97.72273272073512 ,15.49628629304524
Employee Productivity    ,profit_per_employee         ,2503 ,0.12040156613777621   ,0.0138609195402298    ,6.8417645107368585   ,-146.635           ,0.00225049886015295   ,0.04001294310966625  ,304.62            ,78.90531362365162 ,15.49628629304524
Employee Productivity    ,ebitda_per_employee         ,2503 ,0.40019977220490527   ,0.0454814814814814    ,10.308067578790002   ,-3.7717647058823527,0.015728420897966652  ,0.11057603932019305  ,506.85            ,86.3363963244107  ,15.49628629304524
Employee Productivity    ,assets_per_employee         ,2503 ,3.1248909559959874    ,0.5919889224572004    ,29.234966717095755   ,0.0                ,0.29668630044291333   ,1.3557052341597795   ,1106.4            ,99.96004794246903 ,15.49628629304524
Employee Productivity    ,fte_growth_1y_pct           ,2474 ,31.145204501816366    ,1.9867549668874167    ,1210.1060350368596   ,-100.0             ,-3.233809787712037    ,9.062941622277467    ,59900.0           ,59.256265157639454,16.47535449020932
Employee Productivity    ,fte_growth_2y_pct           ,2443 ,37.755319094303964    ,4.549019607843137     ,873.9951224963517    ,-100.0             ,-5.320145540467571    ,18.693341654140678   ,39900.0           ,61.39991813344249 ,17.5219446320054
Employee Productivity    ,fte_growth_3y_pct           ,2407 ,133.11933023107517    ,9.817483189241113     ,3852.4374057094783   ,-100.0             ,-4.803747902293493    ,33.654238802980224   ,184000.0          ,67.26215205650186 ,18.7373396353815
Employee Productivity    ,workforce_stability         ,833  ,1.5123389580014286    ,1.0626373626373626    ,6.615275099479743    ,0.0                ,0.9239522620038856    ,1.2514728394489028   ,185.125           ,96.75870348139256 ,71.87711006076975
Employee Productivity    ,layoff_risk_flag            ,2962 ,0.18298446995273465   ,0.0                   ,0.38671907607191053  ,0.0                ,0.0                   ,0.0                  ,1.0               ,18.298446995273466,0.0
Employee Productivity    ,rapid_hiring_flag           ,2962 ,0.09554355165428764   ,0.0                   ,0.2940138870571435   ,0.0                ,0.0                   ,0.0                  ,1.0               ,9.554355165428765 ,0.0
Employee Productivity    ,sustainable_growth_flag     ,2962 ,0.20627954085077652   ,0.0                   ,0.4047018492774278   ,0.0                ,0.0                   ,0.0                  ,1.0               ,20.62795408507765 ,0.0
Cost Structure           ,cogs_to_revenue             ,2903 ,89.977968807285       ,62.43164911602744     ,857.848473109266     ,-13743.283582089553,43.248869593375666    ,76.537138340479      ,36650.0           ,98.415432311402   ,1.9918973666441593
Cost Structure           ,opex_to_revenue             ,2903 ,189.71935050314198    ,90.25229641734136     ,2071.292900452793    ,-28788.059701492537,81.62028700293976     ,95.83677104158153    ,87811.11111111111 ,99.79331725800895 ,1.9918973666441593
Cost Structure           ,sga_to_revenue              ,2893 ,83.74586572083453     ,16.10538283608421     ,1709.5665875884304   ,-4.150737302020754 ,7.220049768929968     ,29.86691946767787    ,85478.57142857142 ,96.88904251641894 ,2.3295070898041863
Cost Structure           ,rnd_to_revenue              ,2903 ,31.14562653716662     ,0.0                   ,945.8923302074493    ,-5402.985074626866 ,0.0                   ,0.847349870955785    ,49400.0           ,28.143300034447122,1.9918973666441593
Cost Structure           ,interest_to_revenue         ,2903 ,-8.647517422670804    ,-1.7484837359091212   ,152.38935210827702   ,-7319.380244146245 ,-4.25322485951346     ,-0.5846840022547346  ,0.0               ,0.0               ,1.9918973666441593
Cost Structure           ,interest_income_to_revenue  ,2903 ,0.0                   ,0.0                   ,0.0                  ,0.0                ,0.0                   ,0.0                  ,0.0               ,0.0               ,1.9918973666441593
Cost Structure           ,interest_expense_to_revenue ,2903 ,-8.647517422670804    ,-1.7484837359091212   ,152.38935210827702   ,-7319.380244146245 ,-4.25322485951346     ,-0.5846840022547346  ,0.0               ,0.0               ,1.9918973666441593
Cost Structure           ,marketing_to_revenue        ,2893 ,0.6838132586697172    ,0.0                   ,5.2613259059804465   ,0.0                ,0.0                   ,0.0                  ,237.88968824940048,12.340131351538195,2.3295070898041863
Cost Structure           ,marketing_trend_yoy         ,360  ,30.97205929428463     ,0.7258662383280674    ,293.2490808579551    ,-100.0             ,-11.689356435643564   ,16.23853255031947    ,4233.333333333333 ,50.83333333333333 ,87.84604996623902
Cost Structure           ,marketing_vs_5y_avg         ,518  ,0.7269777312563585    ,0.5784958879343586    ,0.8151289247391867   ,0.0                ,0.0                   ,1.2904958907152377   ,4.261261261261261 ,51.54440154440154 ,82.5118163403106
Cost Structure           ,sga_vs_5y_avg               ,2720 ,1.1661207940663558    ,1.160377358490566     ,0.951335446944381    ,-7.272727272727272 ,0.9900657846131513    ,1.3625918601867846   ,23.46843853820598 ,92.64705882352942 ,8.170155300472654
Cost Structure           ,sga_efficiency_trend        ,2877 ,-6.721876199093684    ,-0.0856221493089312   ,1642.7244415431178   ,-75198.95977808599 ,-0.9775402776814426   ,0.6423927639696044   ,28619.049010694027,43.48279457768509 ,2.8696826468602294
EPS Continuing Operations,eps_cont_ltm                ,2921 ,2.872321122903115     ,0.4                   ,65.5040743061562     ,-59.66             ,0.01                  ,1.9                  ,3507.16           ,75.65902088325916 ,1.3841998649561107
EPS Continuing Operations,eps_cont_fq                 ,2908 ,0.6147455295735901    ,0.12                  ,9.892409843847041    ,-44.37             ,0.01                  ,0.52                 ,512.16            ,75.17193947730398 ,1.8230925050641458
EPS Continuing Operations,eps_cont_fy                 ,2948 ,2.611139755766622     ,0.35                  ,59.77620809838803    ,-65.36             ,0.01                  ,1.84                 ,3214.75           ,75.47489823609227 ,0.4726536124240378
EPS Continuing Operations,eps_cont_1fy                ,2936 ,2.79725136239782      ,0.35                  ,72.12654973588836    ,-1189.73           ,0.01                  ,1.8                  ,3434.63           ,75.13623978201635 ,0.8777852802160702
EPS Continuing Operations,eps_cont_2fy                ,2918 ,2.6049554489376283    ,0.36                  ,97.04991522668682    ,-2864.44           ,0.01                  ,1.8                  ,3213.28           ,75.11994516792323 ,1.4854827819041188
EPS Continuing Operations,eps_cont_3fy                ,2869 ,1.129895433949111     ,0.33                  ,59.7332022879057     ,-2171.11           ,0.0                   ,1.73                 ,2245.72           ,73.61449982572324 ,3.1397704253882512
EPS Continuing Operations,eps_cont_4fy                ,2804 ,3.2125820256776034    ,0.13                  ,135.37560961829175   ,-998.26            ,-0.2525               ,1.0725               ,6543.96           ,64.0870185449358  ,5.334233625928427
EPS Continuing Operations,eps_cont_qoq_growth         ,2745 ,9.44712176816227      ,0.0                   ,427.40047867283766   ,-6709.090909090909 ,-30.769230769230766   ,23.809523809523807   ,9172.727272727272 ,45.90163934426229 ,7.326130992572587
EPS Continuing Operations,eps_cont_yoy_growth         ,2901 ,4.094186708234527     ,-5.555555555555556    ,676.3008262670461    ,-6300.0            ,-53.535353535353536   ,26.0                 ,20260.0           ,41.916580489486385,2.059419311276165
EPS Continuing Operations,eps_cont_vs_total_eps       ,2889 ,1.0006041446321507    ,1.0                   ,0.6979148096954166   ,-5.782608695652174 ,1.0                   ,1.0                  ,32.142857142857146,98.99619245413638 ,2.464550979068197
EPS Continuing Operations,discontinued_ops_impact     ,2889 ,-2.4258386343527634   ,0.0                   ,69.74932068756694    ,-3114.285714285714 ,0.0                   ,0.0                  ,448.0662983425414 ,3.8075458636206303,2.464550979068197
EPS Continuing Operations,eps_cont_positive_streak    ,2962 ,3.5425388251181635    ,4.0                   ,1.8215880661538644   ,0.0                ,2.0                   ,5.0                  ,5.0               ,87.643484132343   ,0.0
EPS Continuing Operations,eps_cont_trajectory_score   ,2962 ,55.13166779203241     ,50.0                  ,23.798366734370855   ,0.0                ,50.0                  ,75.0                 ,100.0             ,96.04996623902768 ,0.0
EPS Continuing Operations,eps_cont_cagr_3y            ,1846 ,7.146139702723941     ,3.28937168674426      ,41.88606909424072    ,-85.47016106972227 ,-12.311804311417927   ,18.248351489465463   ,701.040313265657  ,54.60455037919827 ,37.677245104659015
EPS Continuing Operations,core_earnings_stability     ,2962 ,74.02272441043792     ,89.65517241379311     ,33.289223702218294   ,0.0                ,62.5                  ,98.6842105263158     ,100.0             ,88.18365968939905 ,0.0
R&D Investment           ,rnd_fq                      ,2962 ,28.93211343686698     ,0.0                   ,168.90514206759963   ,-370.07            ,0.0                   ,1.5375               ,4705.0            ,26.97501688048616 ,0.0
R&D Investment           ,rnd_fy                      ,2962 ,104.1077245104659     ,0.0                   ,573.9909185754715    ,-17.28             ,0.0                   ,10.945               ,12914.0           ,28.663065496286293,0.0
R&D Investment           ,rnd_1fy                     ,2962 ,97.48071235651587     ,0.0                   ,517.4451983061101    ,-10.06             ,0.0                   ,10.1625              ,9310.0            ,28.59554355165429 ,0.0
R&D Investment           ,rnd_2fy                     ,2962 ,89.12987508440243     ,0.0                   ,474.45415210698155   ,-47.74             ,0.0                   ,8.0275               ,8623.0            ,28.25793382849426 ,0.0
R&D Investment           ,rnd_3fy                     ,2962 ,80.0772856178258      ,0.0                   ,433.9917997528029    ,-62.73             ,0.0                   ,5.86                 ,8747.59           ,27.65023632680621 ,0.0
R&D Investment           ,rnd_4fy                     ,2962 ,69.43431802835921     ,0.0                   ,399.754518075287     ,-47.9              ,0.0                   ,3.0275               ,8734.99           ,26.941255908170152,0.0
R&D Investment           ,rnd_intensity_ltm           ,2903 ,31.14562653716662     ,0.0                   ,945.8923302074493    ,-5402.985074626866 ,0.0                   ,0.847349870955785    ,49400.0           ,28.143300034447122,1.9918973666441593
R&D Investment           ,rnd_intensity_fy            ,2893 ,131.2915013335054     ,0.0                   ,6337.6616206213      ,-19.803695150115477,0.0                   ,0.8361204013377926   ,340828.5714285714 ,27.964051157967507,2.3295070898041863
R&D Investment           ,rnd_intensity_trend         ,2877 ,80.72021887119622     ,0.0                   ,5754.625711173798    ,-35299.312820063904,0.0                   ,0.0                  ,305192.64909847436,11.991657977059438,2.8696826468602294
R&D Investment           ,rnd_qoq_growth              ,803  ,-2.8220956436230646   ,0.7077856420626895    ,81.90500746601786    ,-1521.153846153846 ,-5.808211463667881    ,8.740516738288505    ,719.8434677904877 ,52.3038605230386  ,72.88993923024984
R&D Investment           ,rnd_yoy_growth              ,849  ,22.679544925479064    ,4.615384615384615     ,251.33649923556692   ,-100.0             ,-5.288517492609576    ,16.963304768182816   ,6900.0            ,62.544169611307424,71.3369345037137
R&D Investment           ,rnd_cagr_3y                 ,802  ,12.88064739661474     ,8.20867113706942      ,25.578419117756813   ,-78.45852491348488 ,0.5631498307014183    ,18.93946973073709    ,319.02158601229183,76.80798004987531 ,72.92370020256584
R&D Investment           ,rnd_per_employee            ,2503 ,0.04161957697448765   ,0.0                   ,0.1934851951403791   ,-0.0317592592592592,0.0                   ,0.0056687222424389   ,3.3054901960784315,29.884139033160206,15.49628629304524
R&D Investment           ,rnd_to_gross_profit         ,2911 ,13.592529960123532    ,0.0                   ,510.62808769636064   ,-23400.0           ,0.0                   ,2.6903028268833307   ,7700.0            ,27.55066987289591 ,1.7218095881161375
R&D Investment           ,rnd_roi_proxy               ,803  ,-29.306276697368812   ,0.4624656924560492    ,679.702705211492     ,-19066.0           ,-0.8689516129032258   ,1.801138224955177    ,817.3522727272726 ,63.013698630136986,72.88993923024984
R&D Investment           ,rnd_increasing_flag         ,2962 ,0.04220121539500338   ,0.0                   ,0.20108188307248007  ,0.0                ,0.0                   ,0.0                  ,1.0               ,4.2201215395003375,0.0
R&D Investment           ,rnd_cut_flag                ,2962 ,0.033423362592842676  ,0.0                   ,0.17976971939282116  ,0.0                ,0.0                   ,0.0                  ,1.0               ,3.3423362592842674,0.0
R&D Investment           ,high_rnd_intensity_flag     ,2962 ,0.11309925725860905   ,0.0                   ,0.3167675671480296   ,0.0                ,0.0                   ,0.0                  ,1.0               ,11.309925725860905,0.0
Inventory Temporal       ,inventory_1fq               ,2962 ,646.4162829169479     ,91.475                ,2282.854387664713    ,0.0                ,4.2625                ,459.71500000000003   ,57729.0           ,80.0810263335584  ,0.0
Inventory Temporal       ,inventory_2fq               ,2962 ,623.0434199864957     ,88.91                 ,2193.0060754533947   ,0.0                ,4.0875                ,434.8775             ,57467.0           ,80.31735313977042 ,0.0
Inventory Temporal       ,inventory_3fq               ,2962 ,607.8459014179608     ,83.455                ,2113.906784621492    ,0.0                ,3.985                 ,424.5                ,56435.0           ,80.35111411208644 ,0.0
Inventory Temporal       ,inventory_4fq               ,2962 ,632.7134166103984     ,83.72999999999999     ,2309.9770409324265   ,0.0                ,2.715                 ,427.1225             ,63302.0           ,78.89939230249831 ,0.0
Inventory Temporal       ,inventory_1fy               ,2962 ,608.3189466576638     ,91.17                 ,2073.3224836738173   ,0.0                ,5.9                   ,428.75               ,54892.0           ,82.27548953409858 ,0.0
Inventory Temporal       ,inventory_2fy               ,2962 ,615.5337035786631     ,86.955                ,2100.226742195403    ,0.0                ,4.4675                ,422.65999999999997   ,56576.0           ,81.63403106009454 ,0.0
Inventory Temporal       ,inventory_3fy               ,2962 ,545.5719277515193     ,72.86500000000001     ,1945.165101179183    ,0.0                ,2.6975                ,365.2125             ,56511.0           ,80.31735313977042 ,0.0
Inventory Temporal       ,inventory_4fy               ,2962 ,464.32037812289       ,56.224999999999994    ,1733.5091322792919   ,0.0                ,1.1549999999999998    ,297.6925             ,44949.0           ,78.49426063470628 ,0.0
Inventory Temporal       ,inventory_qoq_change        ,2372 ,2.7186925929354695    ,1.8941316106343127    ,43.07842470819768    ,-100.0             ,-2.460702317627902    ,8.596361201420278    ,1100.0            ,58.93760539629005 ,19.918973666441595
Inventory Temporal       ,inventory_yoy_change        ,2437 ,18.55931316023506     ,0.3044341495698213    ,400.88291694045347   ,-100.0             ,-11.04171313852331    ,13.036760445503122   ,18440.0           ,50.430857611817814,17.724510465901417
Inventory Temporal       ,inventory_4q_trend          ,2337 ,15.022146114973076    ,6.274961597542243     ,107.8392965236311    ,-100.0             ,-4.510800508259212    ,18.49505759750709    ,3848.9795918367354,65.76807873341892 ,21.10060769750169
Inventory Temporal       ,inventory_vs_5y_avg         ,2274 ,1.1337620357737463    ,1.1308587927533187    ,0.5614960747428823   ,0.0                ,0.9428943429768261    ,1.3355529769468786   ,4.217194570135747 ,91.46877748460862 ,23.22754895340986
Inventory Temporal       ,inventory_days              ,2877 ,15.128681959790237    ,53.06514344614328     ,3984.650715828187    ,-213251.25         ,6.592935400846868     ,111.82193239286664   ,6609.459459459459 ,81.8908585331943  ,2.8696826468602294
Inventory Temporal       ,inventory_turnover_itf      ,2368 ,51.5117946901225      ,5.032398971276621     ,1054.581678728367    ,-362.25            ,2.7463764388033733    ,12.624734934168629   ,50760.0           ,99.49324324324324 ,20.054017555705606
Inventory Temporal       ,inventory_to_revenue        ,2903 ,13.935128730102521    ,8.707341483996311     ,35.981287309399406   ,0.0                ,0.907284086940901     ,18.0598704121972     ,1400.0            ,81.53634171546675 ,1.9918973666441593
Inventory Temporal       ,inventory_to_assets         ,2913 ,9.274022008734242     ,5.252405564975791     ,11.315921215786076   ,0.0                ,0.4519274512665127    ,14.668753697930924   ,90.27483829765113 ,81.29076553381394 ,1.6542876434841325
Inventory Temporal       ,inventory_buildup_flag      ,2962 ,0.19581363943281566   ,0.0                   ,0.39689273062727887  ,0.0                ,0.0                   ,0.0                  ,1.0               ,19.581363943281566,0.0
Inventory Temporal       ,inventory_reduction_flag    ,2962 ,0.08541525995948683   ,0.0                   ,0.2795458390553283   ,0.0                ,0.0                   ,0.0                  ,1.0               ,8.541525995948684 ,0.0
Inventory Temporal       ,inventory_volatility        ,2467 ,0.8813548527105669    ,0.3381642512077294    ,1.7780948437790065   ,0.0                ,0.2143821152727805    ,0.6171535683295621   ,10.0              ,99.95946493717065 ,16.71168129642134
Goodwill & M&A           ,goodwill_1fq                ,2962 ,1022.4770087778528    ,25.994999999999997    ,4465.210335145358    ,0.0                ,0.0                   ,461.8025             ,114782.0          ,61.37744767049291 ,0.0
Goodwill & M&A           ,goodwill_2fq                ,2962 ,981.4836056718435     ,30.4                  ,3993.357994756105    ,0.0                ,0.0                   ,449.2325             ,97801.0           ,63.031735313977045,0.0
Goodwill & M&A           ,goodwill_3fq                ,2962 ,1048.7754827819042    ,52.0                  ,4470.175763422609    ,0.0                ,0.0                   ,507.63               ,110479.0          ,68.93990546927752 ,0.0
Goodwill & M&A           ,goodwill_4fq                ,2962 ,932.2177717758271     ,19.009999999999998    ,3859.7429473514967   ,0.0                ,0.0                   ,414.52750000000003   ,97873.0           ,59.55435516542876 ,0.0
Goodwill & M&A           ,goodwill_1fy                ,2962 ,1096.28217083052      ,64.50999999999999     ,4577.000895169362    ,0.0                ,0.0                   ,541.5425             ,117043.0          ,71.80958811613775 ,0.0
Goodwill & M&A           ,goodwill_2fy                ,2962 ,1047.424851451722     ,60.595                ,4240.347078239788    ,0.0                ,0.0                   ,517.1475             ,113010.0          ,70.89804186360567 ,0.0
Goodwill & M&A           ,goodwill_3fy                ,2962 ,1024.0017184334909    ,49.22                 ,4194.821673198414    ,0.0                ,0.0                   ,484.0575             ,115796.0          ,69.58136394328157 ,0.0
Goodwill & M&A           ,goodwill_4fy                ,2962 ,946.1302869682647     ,34.63                 ,4184.466252649837    ,0.0                ,0.0                   ,402.46500000000003   ,120971.0          ,67.38690074274139 ,0.0
Goodwill & M&A           ,goodwill_qoq_change         ,1818 ,7.249374831729325     ,0.0                   ,207.4831241996685    ,-100.0             ,-0.3755734601634778   ,2.002618208761475    ,8345.814977973569 ,41.859185918591855,38.62255232950709
Goodwill & M&A           ,goodwill_yoy_change         ,2127 ,20.879767165351865    ,-0.7204882959979864   ,303.979122670449     ,-100.0             ,-6.165657006453831    ,2.1665995818914503   ,11147.297297297297,32.86318758815233 ,28.190411883862254
Goodwill & M&A           ,goodwill_3y_growth          ,2061 ,499.20309985272723    ,0.0                   ,8724.789247380957    ,-100.0             ,-10.172711310244612   ,29.295154185022025   ,339500.0          ,47.355652595827266,30.418636056718434
Goodwill & M&A           ,goodwill_vs_5y_avg          ,2094 ,0.8913239175692754    ,1.0                   ,0.9466701517862248   ,0.0                ,0.0                   ,1.1584761120101568   ,17.49270072992701 ,72.63610315186246 ,29.304523970290347
Goodwill & M&A           ,goodwill_concentration      ,2952 ,3.1552701777368126    ,2.919351540790561     ,1241.253140496634    ,-66950.50709939149 ,0.0                   ,38.01536403756468    ,3955.882352941176 ,59.078590785907856,0.337609723160027
Goodwill & M&A           ,goodwill_accumulation_rate  ,2061 ,8.89841758952675      ,0.0                   ,69.20185011992635    ,-100.0             ,-3.512860693633944    ,8.941683640200186    ,1403.1046806496504,47.355652595827266,30.418636056718434
Goodwill & M&A           ,goodwill_to_assets_trend    ,2944 ,0.052503233821076335  ,0.0                   ,3.0136564653167333   ,-26.078842420180727,-0.3023382823675402   ,0.1074627479103808   ,66.70812603648424 ,30.230978260869566,0.6076975016880486
Goodwill & M&A           ,recent_acquisition_flag     ,2962 ,0.01823092505064146   ,0.0                   ,0.13380808342759345  ,0.0                ,0.0                   ,0.0                  ,1.0               ,1.8230925050641458,0.0
Goodwill & M&A           ,impairment_risk_score       ,2962 ,14.697181425525818    ,2.0768434471719273    ,26.18663481739794    ,0.0                ,0.0                   ,16.10429028702112    ,100.0             ,62.491559756921   ,0.0
Tangible Book Value      ,tangible_book_value_fy      ,2962 ,1416.1760904794057    ,352.86                ,8793.007084245615    ,-72276.0           ,26.322499999999998    ,1364.7675            ,344577.68         ,78.49426063470628 ,0.0
Tangible Book Value      ,tangible_book_value_ltm     ,2962 ,1526.6840580688722    ,385.72                ,9269.345083781269    ,-75207.0           ,26.0175               ,1506.27              ,355844.22         ,78.08912896691425 ,0.0
Tangible Book Value      ,tangible_book_per_share     ,2962 ,1.3897257556333289e-05,1.93108869975e-06     ,0.0003551018720023175,-0.0002595411061334,9.104253862500001e-08 ,8.290276216174999e-06,0.0192517458252006,78.08912896691425 ,0.0
Tangible Book Value      ,price_to_tangible_book      ,2275 ,10.01032967032967     ,3.7                   ,26.937316461389575   ,0.2                ,1.9                   ,8.3                  ,479.5             ,100.0             ,23.193787981093855
Tangible Book Value      ,tangible_equity_ratio       ,2913 ,25.471114524511748    ,25.838875831374704    ,37.43621532701149    ,-708.6255750891197 ,4.339342949937448     ,50.604134279425566   ,99.80475105759844 ,78.37281153450051 ,1.6542876434841325
Tangible Book Value      ,tbv_yoy_growth              ,2956 ,-4.3446175176715345   ,4.514947634839347     ,892.9601135850088    ,-44161.0           ,-4.594694080862067    ,17.165742621795008   ,14553.443113772457,61.231393775372126,0.2025658338960162
Tangible Book Value      ,tbv_vs_calculated           ,2952 ,0.7648418341407073    ,0.9442625699913566    ,3.068631077743567    ,-69.74193548387098 ,0.6389663598716346    ,1.0                  ,41.44140625       ,91.42953929539296 ,0.337609723160027
Tangible Book Value      ,tangible_asset_quality      ,2962 ,84.91482488761741     ,96.30235498602738     ,22.244714681871237   ,0.0                ,77.55369494382171     ,100.0                ,100.0             ,99.25725860904794 ,0.0
Balance Sheet Dynamics   ,wc_to_revenue               ,2903 ,169.1466885050068     ,17.22202888463546     ,2872.164325801994    ,-48894.029850746265,2.0130186463949937    ,38.5286388455641     ,97177.77777777777 ,77.81605235962797 ,1.9918973666441593
Balance Sheet Dynamics   ,wc_to_assets                ,2913 ,17.656376887307964    ,13.047869544198957    ,23.089657620002757   ,-122.00354782056148,2.1357055391485993    ,28.720419840265286   ,97.09906049118179 ,79.3683487813251  ,1.6542876434841325
Balance Sheet Dynamics   ,wc_qoq_change               ,2909 ,-30.486764427578752   ,2.9458179905312996    ,2467.18650261993     ,-131166.66666666666,-7.750260210182676    ,10.790589408928422   ,14300.0           ,58.26744585768305 ,1.7893315327481432
Balance Sheet Dynamics   ,wc_yoy_change               ,2955 ,680.551353840525      ,-1.87947742544566     ,34492.285017703856   ,-18527.027027027027,-28.34112175462512    ,24.78361820358336    ,1868225.9259259256,47.47884940778342 ,0.2363268062120189
Balance Sheet Dynamics   ,wc_4q_trend                 ,2877 ,54.14030604674291     ,3.713714254824585     ,1205.6441180751503   ,-9739.805825242718 ,-24.23757325808552    ,34.02460942900594    ,37547.82608695652 ,54.50121654501216 ,2.8696826468602294
Balance Sheet Dynamics   ,wc_positive_quarters        ,2962 ,3.891627278865631     ,5.0                   ,1.866374665657785    ,0.0                ,3.0                   ,5.0                  ,5.0               ,85.55030384875084 ,0.0
Balance Sheet Dynamics   ,wc_volatility               ,2958 ,3.415991666057948     ,0.735621069584506     ,31.00468325251799    ,0.012914589657189  ,0.3508915775645157    ,1.7764215785493875   ,1335.7018633540372,100.0             ,0.1350438892640108
Balance Sheet Dynamics   ,days_working_capital        ,2903 ,617.3854130432749     ,62.86040542891944     ,10483.399789177278   ,-178463.20895522388,7.347518059341725     ,140.62953178630897   ,354698.8888888889 ,77.81605235962797 ,1.9918973666441593
Balance Sheet Dynamics   ,negative_wc_flag            ,2962 ,0.20290344361917623   ,0.0                   ,0.4022291106763319   ,0.0                ,0.0                   ,0.0                  ,1.0               ,20.290344361917622,0.0
Balance Sheet Dynamics   ,debt_qoq_change             ,2900 ,29.748539089223783    ,0.0                   ,591.1250742305222    ,-100.0             ,-2.7904650718589945   ,5.662775177427915    ,19766.666666666664,49.51724137931034 ,2.0931802835921673
Balance Sheet Dynamics   ,debt_yoy_change             ,2906 ,58.34772120226642     ,-0.9403154371788203   ,729.6979143847761    ,-100.0             ,-12.877065476926589   ,13.45792287508658    ,20981.707317073167,46.55884377150723 ,1.8906144496961512
Balance Sheet Dynamics   ,debt_4q_trend               ,2859 ,393.8232209954573     ,4.4014237346991925    ,11656.57202227086    ,-100.0             ,-6.8061666632855      ,21.546672022440003   ,590108.9552238806 ,60.65057712486883 ,3.477380148548278
Balance Sheet Dynamics   ,debt_3y_cagr                ,2831 ,14.729560718305265    ,2.8933190245038856    ,92.0588354582796     ,-100.0             ,-6.95874926524382     ,15.7390975080297     ,3451.763544413193 ,57.576827975980216,4.422687373396354
Balance Sheet Dynamics   ,assets_qoq_growth           ,2909 ,2.4039296899411684    ,1.5193817446633466    ,20.542466501305586   ,-100.0             ,-0.9435007897143172   ,5.995039422475853    ,287.792472024415  ,63.973874183568235,1.7893315327481432
Balance Sheet Dynamics   ,assets_yoy_growth           ,2955 ,19.184166325485304    ,1.3291481436981856    ,466.99982105964267   ,-100.0             ,-5.640749312417974    ,10.40822850222076    ,24769.56097560976 ,55.16074450084603 ,0.2363268062120189
Balance Sheet Dynamics   ,assets_3y_cagr              ,2900 ,7.9777151749280035    ,3.7635381575577522    ,27.64441199568394    ,-100.0             ,-1.7590805921468595   ,11.642317323112206   ,695.6682123807834 ,67.3103448275862  ,2.0931802835921673
Balance Sheet Dynamics   ,asset_growth_accel          ,2931 ,3.1956810881671496    ,-2.3994686307609814   ,511.80823736489316   ,-10612.907901522136,-13.5051617286091     ,6.850423466778003    ,24773.945303967965,42.272262026612076,1.0465901417960837
Balance Sheet Dynamics   ,asset_base_stable           ,2962 ,0.28933153274814316   ,0.0                   ,0.4535286531800009   ,0.0                ,0.0                   ,1.0                  ,1.0               ,28.933153274814316,0.0
Unusual Items            ,other_unusual_items_ltm     ,2962 ,-47.44038825118163    ,0.0                   ,456.7379619073713    ,-15663.38          ,-8.8975               ,0.0                  ,2473.0            ,18.703578663065496,0.0
Unusual Items            ,total_unusual_items         ,2962 ,-121.31212356515869   ,-0.845                ,883.8270530075124    ,-32144.39          ,-26.7975              ,0.0                  ,1962.78           ,15.665091154625252,0.0
Unusual Items            ,unusual_items_to_revenue    ,2903 ,2.9762646495985865    ,0.2769263089542689    ,105.9938097580767    ,-5402.985074626866 ,0.0                   ,1.7230915295560498   ,1104.1666666666665,71.09886324491906 ,1.9918973666441593
Unusual Items            ,unusual_items_to_ebitda     ,2940 ,32.15861217076788     ,1.8226478265906603    ,240.8527532029586    ,0.0                ,0.0                   ,10.447526249335459   ,7001.652892561984 ,70.64625850340136 ,0.7427413909520594
Unusual Items            ,has_unusual_items_flag      ,2962 ,0.7029034436191762    ,1.0                   ,0.45705658236322544  ,0.0                ,0.0                   ,1.0                  ,1.0               ,70.29034436191762 ,0.0
Unusual Items            ,goodwill_to_equity          ,2952 ,3.1552701777368126    ,2.919351540790561     ,1241.253140496634    ,-66950.50709939149 ,0.0                   ,38.01536403756468    ,3955.882352941176 ,59.078590785907856,0.337609723160027
Unusual Items            ,intangibles_to_equity       ,2952 ,12.678151910503578    ,0.0                   ,349.1547352211472    ,-15348.837209302324,0.0                   ,5.818017038239535    ,8150.0            ,32.21544715447154 ,0.337609723160027
Composite Scores         ,piotroski_f_score           ,2962 ,4.976367319378798     ,5.0                   ,1.7498343350308507   ,0.0                ,4.0                   ,6.0                  ,9.0               ,99.62862930452397 ,0.0
Composite Scores         ,dilution_score              ,2962 ,47.79371041704361     ,50.0                  ,17.282317388263      ,0.0                ,47.237312080469735    ,51.5200051317524     ,100.0             ,94.9020931802836  ,0.0
Composite Scores         ,accounting_quality_score    ,2962 ,84.53747467927076     ,90.0                  ,18.05575383757845    ,20.0               ,75.0                  ,100.0                ,100.0             ,100.0             ,0.0
Composite Scores         ,asset_quality_score         ,2962 ,53.223589867556605    ,54.065690014490634    ,20.980074102124973   ,0.0                ,43.27968366449034     ,63.245404487401174   ,100.0             ,98.54827819041189 ,0.0
Composite Scores         ,balance_sheet_strength      ,2962 ,57.56245779878461     ,50.0                  ,34.14340372609497    ,0.0                ,25.0                  ,100.0                ,100.0             ,86.79945982444295 ,0.0
Composite Scores         ,cash_flow_quality_score     ,2962 ,61.50405131667792     ,75.0                  ,35.283023440770855   ,0.0                ,25.0                  ,100.0                ,100.0             ,84.90884537474679 ,0.0
Composite Scores         ,earnings_quality_score      ,2962 ,76.27908804176887     ,98.9990522610344      ,35.721127336904885   ,0.0                ,62.5                  ,100.0                ,100.0             ,87.91357191087104 ,0.0
Composite Scores         ,reporting_freshness_score   ,2962 ,0.8875384499962488    ,0.0                   ,7.137608110370442    ,0.0                ,0.0                   ,0.0                  ,100.0             ,1.7218095881161375,0.0
Composite Scores         ,beta_stability_score        ,2962 ,79.40681971640784     ,84.5                  ,19.262178060326843   ,0.0                ,71.0                  ,93.5                 ,100.0             ,98.98717083051991 ,0.0
Composite Scores         ,estimate_confidence_score   ,2962 ,99.34267559581654     ,99.90673574150728     ,4.255110283088473    ,0.0                ,99.63319712061346     ,99.99546636754681    ,100.0             ,99.89871708305199 ,0.0
