category               ,feature                      ,count ,mean                    ,median                  ,std                    ,min                     ,max                   ,q25                     ,q75                     ,positive_pct         ,missing_pct
"Accounting Quality"   ,"accounting_quality_score"   ,"6424","84.74782067247821"     ,"90.0"                  ,"17.26442368900929"    ,"20.0"                  ,"100.0"               ,"75.0"                  ,"100.0"                 ,"100.0"              ,"0.0"
"Accounting Quality"   ,"asset_sale_boost"           ,"6424","0.3135118306351183"    ,"0.0"                   ,"0.46395653969992073"  ,"0.0"                   ,"1.0"                 ,"0.0"                   ,"1.0"                   ,"31.35118306351183"  ,"0.0"
"Accounting Quality"   ,"exceptional_items_frequency","6424","0.4220112079701121"    ,"0.0"                   ,"0.5982651257616769"   ,"0.0"                   ,"3.0"                 ,"0.0"                   ,"1.0"                   ,"36.924034869240344" ,"0.0"
"Accounting Quality"   ,"goodwill_change_rate"       ,"4546","11.74389262069682"     ,"0.0"                   ,"621.6942026892838"    ,"-3.2209302325581395"   ,"41534.0"             ,"-0.16341983706045546"  ,"0.08130421022750789"   ,"48.02023757149142"  ,"29.23412204234122"
"Accounting Quality"   ,"merger_impact_ratio"        ,"6424","-0.003484535244819721" ,"0.0"                   ,"0.021346951108151747" ,"-0.8445567545417293"   ,"0.031127957730300942","-0.0002688172677321266","0.0"                   ,"1.86799501867995"   ,"0.0"
"Accounting Quality"   ,"non_operating_income_share" ,"6420","0.0"                   ,"0.0"                   ,"0.0"                  ,"0.0"                   ,"0.0"                 ,"0.0"                   ,"0.0"                   ,"0.0"                ,"0.062266500622665005"
"Accounting Quality"   ,"restructuring_intensity"    ,"6237","-0.0015481596071415863","0.0"                   ,"0.006976764458642739" ,"-0.1716716071658719"   ,"0.03188278816199377" ,"0.0"                   ,"0.0"                   ,"1.3628346961680295" ,"2.910958904109589"
"Analyst Sentiment"    ,"analyst_bearish_pct"        ,"6343","6.50637641287543"      ,"0.0"                   ,"14.672704423364328"   ,"0.0"                   ,"100.0"               ,"0.0"                   ,"7.142857142857143"     ,"32.58710389405644"  ,"1.2608966376089663"
"Analyst Sentiment"    ,"analyst_bullish_pct"        ,"6343","66.96907164487092"     ,"72.72727272727273"     ,"30.821711698768606"   ,"0.0"                   ,"100.0"               ,"47.61904761904762"     ,"100.0"                 ,"93.63077408166482"  ,"1.2608966376089663"
"Analyst Sentiment"    ,"analyst_coverage_quality"   ,"6424","1.0140162609823957"    ,"0.8465729984185988"    ,"0.7507867991573274"   ,"0.09523027981417709"   ,"4.530502761171759"   ,"0.4140107299190759"    ,"1.4655706374396702"    ,"100.0"              ,"0.0"
"Analyst Sentiment"    ,"analyst_neutral_pct"        ,"6343","26.52455194225365"     ,"20.0"                  ,"26.785566994527468"   ,"0.0"                   ,"100.0"               ,"0.0"                   ,"44.44444444444444"     ,"68.5322402648589"   ,"1.2608966376089663"
"Analyst Sentiment"    ,"analyst_rating_normalized"  ,"6424","75.61803393524283"     ,"79.5"                  ,"21.06387935748995"    ,"-25.0"                 ,"100.0"               ,"65.75"                 ,"90.0"                  ,"98.25653798256539"  ,"0.0"
"Analyst Sentiment"    ,"eps_revision_momentum"      ,"6424","0.08529507238480696"   ,"0.0"                   ,"4.893766963810096"    ,"-0.78601"              ,"390.97018"           ,"-0.0115425"            ,"0.029003750000000002"  ,"43.368617683686175" ,"0.0"
"Analyst Sentiment"    ,"price_target_revision_1m"   ,"6385","0.022980287022386983"  ,"0.0"                   ,"0.10386137932479442"  ,"-0.7428571428571429"   ,"2.0714285714285716"  ,"-0.0009009625473290452","0.026460430562858295"  ,"44.7141738449491"   ,"0.6070983810709838"
"Analyst Sentiment"    ,"price_target_revision_3m"   ,"6318","0.06265981532365189"   ,"0.013623141015516723"  ,"0.2202810930849123"   ,"-0.7428571428571429"   ,"4.215716657443276"   ,"-0.017853125"          ,"0.09733577917485656"   ,"56.31528964862298"  ,"1.6500622665006226"
"Analyst Sentiment"    ,"price_target_spread_pct"    ,"6422","39.75587465162009"     ,"34.937128426369235"    ,"38.39671686727515"    ,"0.0"                   ,"850.0"               ,"16.666666666666668"    ,"53.653874234273495"    ,"87.65182186234817"  ,"0.031133250311332503"
"Analyst Sentiment"    ,"upside_potential"           ,"6423","26.517549008577443"    ,"15.036976170912078"    ,"360.6517214126631"    ,"-100.0"                ,"28471.428571428572"  ,"3.1907518725527626"    ,"32.24413216538734"     ,"80.58539623229021"  ,"0.015566625155666251"
"Balance Sheet"        ,"asset_quality_score"        ,"6424","55.67220639588524"     ,"55.834771213982364"    ,"20.948326663059003"   ,"0.0"                   ,"100.0"               ,"47.07171326984381"     ,"65.29157540937051"     ,"98.7079701120797"   ,"0.0"
"Balance Sheet"        ,"balance_sheet_strength"     ,"6424","58.86519302615193"     ,"75.0"                  ,"34.22282138468492"    ,"0.0"                   ,"100.0"               ,"25.0"                  ,"100.0"                 ,"87.01743462017436"  ,"0.0"
"Balance Sheet"        ,"cash_change_qoq"            ,"6351","0.4698983208993951"    ,"0.0"                   ,"5.185214210219304"    ,"-1.0"                  ,"215.38709677419354"  ,"-0.2026784196001672"   ,"0.28766280226521795"   ,"48.03967879074161"  ,"1.1363636363636365"
"Balance Sheet"        ,"cash_to_assets_pct"         ,"6237","13.392618025288279"    ,"9.13564909933585"      ,"13.742729776438923"   ,"0.0"                   ,"98.36654688010454"   ,"4.515381391105668"     ,"17.215591825967163"    ,"99.55106621773288"  ,"2.910958904109589"
"Balance Sheet"        ,"cash_vs_5y_avg"             ,"5647","1.118386771103054"     ,"0.9909047391096218"    ,"0.848573359912892"    ,"0.0"                   ,"17.547684266287582"  ,"0.6967471306223203"    ,"1.3381247064387183"    ,"96.56454754737028"  ,"12.095267745952677"
"Balance Sheet"        ,"debt_maturity_risk"         ,"6391","7.557032784707833"     ,"1.9961992809450437"    ,"357.793788642719"     ,"-1006.1052631578947"   ,"28446.5"             ,"0.43635389085818305"   ,"4.031576726097696"     ,"88.49945235487404"  ,"0.5136986301369862"
"Balance Sheet"        ,"intangibles_growth_flag"    ,"6424","0.09277708592777086"   ,"0.0"                   ,"0.2901423833994645"   ,"0.0"                   ,"1.0"                 ,"0.0"                   ,"0.0"                   ,"9.277708592777085"  ,"0.0"
"Balance Sheet"        ,"inventory_change_yoy"       ,"5281","0.03678740112161153"   ,"-0.08942589937879719"  ,"4.573283997251637"    ,"-1.0"                  ,"234.875"             ,"-0.19264"              ,"0.0"                   ,"21.20810452565802"  ,"17.792652552926526"
"Balance Sheet"        ,"inventory_vs_5y_avg"        ,"5108","1.1252536263698505"    ,"1.1290962590012956"    ,"0.5766442932624987"   ,"0.0"                   ,"9.399151743638077"   ,"0.9350307450428945"    ,"1.3363581136113818"    ,"91.24902114330462"  ,"20.485678704856788"
"Balance Sheet"        ,"retained_earnings_vs_5y"    ,"5602","1.1278335457530035"    ,"1.178718347978664"     ,"6.342256724692828"    ,"-341.75"               ,"127.5137741046832"   ,"0.8386738867367081"    ,"1.4498958009399605"    ,"84.64833987861478"  ,"12.79576587795766"
"Balance Sheet"        ,"working_capital_vs_5y_avg"  ,"6054","2.627722220652127"     ,"1.2062297726471236"    ,"134.22139012032358"   ,"-1890.0"               ,"10239.5"             ,"0.7539281060189327"    ,"1.6941081686736705"    ,"87.49587049884374"  ,"5.7596513075965134"
"Cash Flow"            ,"acquisition_intensity"      ,"6424","106.51904576587795"    ,"0.0"                   ,"655.300346692646"     ,"0.0"                   ,"19696.0"             ,"0.0"                   ,"11.5825"               ,"39.36799501867995"  ,"0.0"
"Cash Flow"            ,"cfo_growth_yoy"             ,"6394","2.1461678657148155"    ,"0.03022423184202188"   ,"105.00602168667876"   ,"-382.4685714285714"    ,"7746.0"              ,"-0.3756982838880485"   ,"0.43310370405743115"   ,"52.37722865186112"  ,"0.4669987546699875"
"Cash Flow"            ,"cfo_to_net_income"          ,"6420","0.9646142536888321"    ,"1.3526909450561826"    ,"34.97316932527842"    ,"-1338.0"               ,"1042.8085106382978"  ,"0.45863956368893566"   ,"2.253191310925475"     ,"79.78193146417446"  ,"0.062266500622665005"
"Cash Flow"            ,"fcf_margin"                 ,"6312","-0.8894510080450263"   ,"0.06026319128308287"   ,"30.722452744002172"   ,"-2246.1111111111113"   ,"284.65671641791045"  ,"0.0"                   ,"0.13396998943147273"   ,"73.19391634980988"  ,"1.7434620174346203"
"Cash Flow"            ,"fcf_positive_ratio"         ,"6424","0.6218555417185554"    ,"0.8"                   ,"0.35762887068255816"  ,"0.0"                   ,"1.0"                 ,"0.4"                   ,"1.0"                   ,"84.37110834371109"  ,"0.0"
"Cash Flow"            ,"fcf_to_net_income"          ,"6420","0.6394379719622632"    ,"0.8389529647647314"    ,"34.93627812370429"    ,"-1282.142857142857"    ,"1940.0"              ,"0.0"                   ,"1.4725274357051321"    ,"73.73831775700934"  ,"0.062266500622665005"
"Cash Flow"            ,"self_funding_ratio"         ,"6085","4.576986849879125"     ,"1.591869409348787"     ,"62.0778603230715"     ,"-1501.5333333333333"   ,"2133.2727272727275"  ,"0.68892114891789"      ,"3.2882096069868996"    ,"88.44700082169268"  ,"5.27708592777086"
"Composite Scores"     ,"dilution_score"             ,"6424","48.73380617759518"     ,"50.0"                  ,"16.386877507521728"   ,"0.0"                   ,"100.0"               ,"48.504904940915324"    ,"51.33977900211092"     ,"96.03051058530511"  ,"0.0"
"Composite Scores"     ,"piotroski_f_score"          ,"6424","4.89134495641345"      ,"5.0"                   ,"1.8205394294963837"   ,"0.0"                   ,"9.0"                 ,"4.0"                   ,"6.0"                   ,"99.22166874221668"  ,"0.0"
"Dividend Reliability" ,"buyback_yield"              ,"4405","-0.003170397275822929" ,"0.0016"                ,"0.0827359100289089"   ,"-1.7306"               ,"0.988"               ,"-0.0013"               ,"0.0156"                ,"61.316685584563004" ,"31.42901618929016"
"Dividend Reliability" ,"dividend_growth_expectation","4019","-0.002390818611594924" ,"0.001"                 ,"0.045307063552681735" ,"-1.7523"               ,"0.4667"              ,"-0.0015"               ,"0.0043"                ,"63.622791739238615" ,"37.43773349937734"
"Dividend Reliability" ,"dividend_payout_ratio"      ,"3678","0.441537595900936"     ,"0.12662043413938845"   ,"7.559599515930577"    ,"-143.73529411764707"   ,"397.344"             ,"0.0"                   ,"0.5253936706411391"    ,"55.4921152800435"   ,"42.74595267745953"
"Dividend Reliability" ,"dividend_streak"            ,"6424","2.313667496886675"     ,"1.0"                   ,"5.439960893983232"    ,"0.0"                   ,"54.0"                ,"0.0"                   ,"2.0"                   ,"71.57534246575342"  ,"0.0"
"Dividend Reliability" ,"dividend_yield_ltm"         ,"4285","0.030983570595099184"  ,"0.0215"                ,"0.05365713449317916"  ,"0.0"                   ,"1.7523"              ,"0.0097"                ,"0.0389"                ,"99.41656942823805"  ,"33.297011207970115"
"Dividend Reliability" ,"dividend_yield_ntm"         ,"5646","0.023638788522848037"  ,"0.016849999999999997"  ,"0.0318267808564348"   ,"0.0"                   ,"0.8629"              ,"0.0022"                ,"0.0349"                ,"77.5593340417995"   ,"12.110834371108343"
"Dividend Reliability" ,"fcf_dividend_coverage"      ,"4177","8.933090357333967"     ,"1.9406096094931555"    ,"310.71013093444"      ,"-7673.0"               ,"8547.42857142857"    ,"0.6716183042739347"    ,"3.8936884512085945"    ,"81.92482643045248"  ,"34.97820672478207"
"Dividend Reliability" ,"total_shareholder_yield"    ,"6424","0.01849299501867995"   ,"0.01635"               ,"0.08383505704897984"  ,"-1.7306"               ,"1.7523"              ,"0.0"                   ,"0.0417"                ,"72.82067247820673"  ,"0.0"
"Earnings Quality"     ,"ebitda_adjustment_ratio"    ,"6391","0.6935671472083095"    ,"0.5182989396876069"    ,"9.276991535426491"    ,"-148.5920365535248"    ,"684.0"               ,"0.0"                   ,"1.058655636096152"     ,"54.35769050226882"  ,"0.5136986301369862"
"Earnings Quality"     ,"eps_adjustment_ratio"       ,"3418","0.7980193956603867"    ,"1.0"                   ,"4.429295205003257"    ,"-127.85714285714286"   ,"55.333333333333336"  ,"0.6931438127090301"    ,"1.1349921543898756"    ,"90.72557050906963"  ,"46.79327521793275"
"Earnings Quality"     ,"eps_quarterly_trend"        ,"5814","0.17601174793933802"   ,"0.08077671121149382"   ,"13.966397076746567"   ,"-918.0"                ,"300.0"               ,"-0.25"                 ,"0.5714285714285714"    ,"53.80116959064327"  ,"9.495641344956415"
"Earnings Quality"     ,"eps_surprise_pct"           ,"3388","-15.974955034927016"   ,"-5.326241134751773"    ,"241.73206936183496"   ,"-11800.0"              ,"3540.0"              ,"-22.22222222222222"    ,"2.0294182980009787"    ,"29.132231404958674" ,"47.26027397260274"
"Earnings Quality"     ,"eps_yoy_growth"             ,"6278","7.764679086614585"     ,"3.8984065579810263"    ,"564.6677900739219"    ,"-20260.0"              ,"6600.0"              ,"-27.726094470046082"   ,"42.921558550021686"    ,"52.516725071678884" ,"2.272727272727273"
"Earnings Quality"     ,"gaap_adj_eps_gap_pct"       ,"5246","-29.125512229980664"   ,"-0.8000512032770097"   ,"288.46820421693275"   ,"-11300.0"              ,"2720.0"              ,"-17.25832172858362"    ,"0.0"                   ,"20.339306138009913" ,"18.337484433374847"
"Earnings Quality"     ,"revenue_surprise_pct"       ,"6201","11.74694925621458"     ,"-3.447945446124854"    ,"1140.278893226809"    ,"-339.1408906211129"    ,"89633.5294117647"    ,"-8.021787571180985"    ,"-0.45238308948927386"  ,"21.899693597806806" ,"3.471357409713574"
"Efficiency"           ,"asset_turnover"             ,"6237","0.754899894645237"     ,"0.6415941719438206"    ,"0.5702226988193676"   ,"-0.08028664654721204"  ,"6.212147713022243"   ,"0.3947582467239042"    ,"0.9653846722559849"    ,"98.22029822029822"  ,"2.910958904109589"
"Efficiency"           ,"inventory_turnover"         ,"5282","51.757631911151705"    ,"4.649661984134719"     ,"766.5918079389305"    ,"-362.25"               ,"50760.0"             ,"2.5592146868772065"    ,"11.043105184511434"    ,"99.58349110185536"  ,"17.77708592777086"
"Efficiency"           ,"receivables_days"           ,"6299","68.30403030374423"     ,"54.132822376738304"    ,"71.91352966263781"    ,"-150.8993288590604"    ,"1126.8484500574052"  ,"29.434467145662154"    ,"83.3221059365551"      ,"97.45991427210669"  ,"1.9458281444582817"
"Efficiency"           ,"working_capital_turns"      ,"6236","9.906151888837515"     ,"2.6317230806183565"    ,"616.4033138754921"    ,"-5761.560362173038"    ,"47815.5"             ,"0.46898799437184496"   ,"6.2431812834784095"    ,"79.00898011545863"  ,"2.926525529265255"
"Efficiency Ratios"    ,"cogs_to_revenue"            ,"6312","79.83810026509143"     ,"64.30250831386864"     ,"618.865303446035"     ,"-13743.283582089553"   ,"36650.0"             ,"45.72755279989783"     ,"78.38707991873606"     ,"98.70088719898605"  ,"1.7434620174346203"
"Efficiency Ratios"    ,"interest_to_revenue"        ,"6312","-9.255070230364389"    ,"-1.3222399363231236"   ,"237.78797605466673"   ,"-15400.0"              ,"5.142857142857143"   ,"-3.3014916754461123"   ,"-0.39605715254523177"  ,"0.03168567807351077","1.7434620174346203"
"Efficiency Ratios"    ,"opex_to_revenue"            ,"6312","163.48556842398048"    ,"90.04361988692231"     ,"1603.817517565495"    ,"-28788.059701492537"   ,"87811.11111111111"   ,"81.67459252802567"     ,"95.81074565517869"     ,"99.87325728770595"  ,"1.7434620174346203"
"Efficiency Ratios"    ,"rnd_to_revenue"             ,"6312","27.88442637306002"     ,"0.0"                   ,"784.3259087611016"    ,"-5402.985074626866"    ,"49400.0"             ,"0.0"                   ,"2.9897473701566226"    ,"37.43662864385298"  ,"1.7434620174346203"
"Efficiency Ratios"    ,"sga_to_revenue"             ,"6299","88.62004373422562"     ,"14.116972310551612"    ,"1788.488459017972"    ,"-285.3691275167785"    ,"85478.57142857143"   ,"6.429807519721782"     ,"27.25868294211996"     ,"96.71376408953802"  ,"1.9458281444582817"
"Employee Productivity","assets_per_employee"        ,"5499","3.273652843283514"     ,"0.5338814016172507"    ,"49.3726339022205"     ,"0.0"                   ,"2931.6833333333334"  ,"0.2865993456715701"    ,"1.1090468934063915"    ,"99.90907437715948"  ,"14.399128268991282"
"Employee Productivity","ebitda_per_employee"        ,"5499","0.1957443413438699"    ,"0.042761904761904765"  ,"2.8681335224363287"   ,"-5.3076923076923075"   ,"168.8275"            ,"0.016815989299014275"  ,"0.09694391031730952"   ,"88.59792689579923"  ,"14.399128268991282"
"Employee Productivity","fte_growth_1y_pct"          ,"5511","13.979180140701363"    ,"1.36986301369863"      ,"811.4661063889941"    ,"-100.0"                ,"59900.0"             ,"-3.7037037037037037"   ,"8.531588523011449"     ,"56.287425149700596" ,"14.212328767123289"
"Employee Productivity","fte_growth_3y_pct"          ,"5281","70.89786472964627"     ,"8.333333333333334"     ,"2602.9672827862773"   ,"-100.0"                ,"184000.0"            ,"-5.633802816901408"    ,"29.90272373540856"     ,"65.80193145237644"  ,"17.792652552926526"
"Employee Productivity","profit_per_employee"        ,"5499","0.005750811193642711"  ,"0.014859813084112149"  ,"5.40601430897698"     ,"-343.05526315789473"   ,"92.89"               ,"0.0036163365936049837" ,"0.03880906354796684"   ,"82.45135479178033"  ,"14.399128268991282"
"Employee Productivity","revenue_per_employee"       ,"5499","0.7254695876292017"    ,"0.3281990521327014"    ,"5.379513758658588"    ,"-228.055"              ,"253.5275"            ,"0.19151678100406566"   ,"0.5927954989410482"    ,"98.10874704491725"  ,"14.399128268991282"
"Employee Productivity","workforce_stability"        ,"1649","1.8718548673009445"    ,"1.0645809414466132"    ,"17.686790274856584"   ,"0.0"                   ,"688.5"               ,"0.9267912989088888"    ,"1.2647398843930635"    ,"95.69436021831413"  ,"74.33063511830636"
"EPS Trajectory"       ,"eps_cagr_3y"                ,"4367","5.640603062209954"     ,"2.2119218590540806"    ,"38.55971759984536"    ,"-93.87878213746157"    ,"701.040313265657"    ,"-13.376089465909724"   ,"17.60121987388427"     ,"52.828028394779025" ,"32.02054794520548"
"EPS Trajectory"       ,"eps_cagr_5y"                ,"4054","10.406715053916743"    ,"7.615760973932387"     ,"25.165145140298826"   ,"-79.63455095073274"    ,"259.20323294033096"  ,"-2.085163763902321"    ,"19.128986721560146"    ,"69.33892451899358"  ,"36.89290161892902"
"EPS Trajectory"       ,"eps_improvement_count"      ,"6424","2.6648505603985058"    ,"3.0"                   ,"1.0749162773692003"   ,"0.0"                   ,"5.0"                 ,"2.0"                   ,"3.0"                   ,"97.16687422166873"  ,"0.0"
"EPS Trajectory"       ,"eps_positive_streak"        ,"6424","3.675124533001245"     ,"5.0"                   ,"1.7789654815951554"   ,"0.0"                   ,"5.0"                 ,"3.0"                   ,"5.0"                   ,"88.46513075965132"  ,"0.0"
"EPS Trajectory"       ,"eps_qoq_growth"             ,"5915","24.53610789307574"     ,"0.0"                   ,"351.8971827170591"    ,"-8666.666666666666"    ,"9172.727272727272"   ,"-15.569985569985569"   ,"33.333333333333336"    ,"47.94590025359256"  ,"7.923412204234122"
"EPS Trajectory"       ,"eps_trajectory_score"       ,"6424","53.297011207970115"    ,"60.0"                  ,"21.498325547384"      ,"0.0"                   ,"100.0"               ,"40.0"                  ,"60.0"                  ,"97.16687422166873"  ,"0.0"
"EPS Trajectory"       ,"eps_yoy_quarterly"          ,"5814","17.6011747939338"      ,"8.077671121149383"     ,"1396.6397076746566"   ,"-91800.0"              ,"30000.0"             ,"-25.0"                 ,"57.142857142857146"    ,"53.80116959064327"  ,"9.495641344956415"
"Financial Distress"   ,"accumulated_deficit_flag"   ,"6424","0.19551681195516812"   ,"0.0"                   ,"0.3966288904668535"   ,"0.0"                   ,"1.0"                 ,"0.0"                   ,"0.0"                   ,"19.551681195516814" ,"0.0"
"Financial Distress"   ,"adequate_cash_buffer"       ,"6424","0.1536425902864259"    ,"0.0"                   ,"0.3606338727706005"   ,"0.0"                   ,"1.0"                 ,"0.0"                   ,"0.0"                   ,"15.364259028642591" ,"0.0"
"Financial Distress"   ,"cash_runway_months"         ,"6420","4.234189484004396"     ,"1.844288225912752"     ,"13.0837464002962"     ,"-144.20795510810365"   ,"433.70844487709905"  ,"0.7444420462769702"    ,"4.061273991588113"     ,"96.57320872274143"  ,"0.062266500622665005"
"Financial Distress"   ,"distress_risk_score"        ,"6424","66.68833022000831"     ,"100.0"                 ,"43.11850516319442"    ,"0.0"                   ,"100.0"               ,"12.5"                  ,"100.0"                 ,"77.75529265255294"  ,"0.0"
"Financial Distress"   ,"liquidity_stress_score"     ,"6424","8.788916562889165"     ,"0.0"                   ,"11.3640573018139"     ,"0.0"                   ,"30.0"                ,"0.0"                   ,"15.0"                  ,"42.02988792029888"  ,"0.0"
"Financial Distress"   ,"working_capital_trend"      ,"6369","0.45928646789663674"   ,"0.03964682576125317"   ,"16.284443280579858"   ,"-212.71428571428572"   ,"921.6666666666666"   ,"-0.12867241714767494"  ,"0.2779840848806366"    ,"55.04788820850997"  ,"0.8561643835616438"
"Growth Metrics"       ,"ebitda_growth_yoy"          ,"6392","8.299304127734041"     ,"5.076354655576114"     ,"2547.660448367051"    ,"-192800.0"             ,"49366.666666666664"  ,"-11.242687820306536"   ,"23.398013669980052"    ,"59.10513141426783"  ,"0.49813200498132004"
"Growth Metrics"       ,"fcf_growth"                 ,"6349","135.74145719623516"    ,"0.37178973860321457"   ,"9500.732038023782"    ,"-101900.0"             ,"744920.0"            ,"-30.280701975170366"   ,"45.372710044219836"    ,"50.33863600567019"  ,"1.1674968866749689"
"Growth Metrics"       ,"forward_revenue_growth"     ,"5990","0.6526492320534223"    ,"0.11904999999999999"   ,"16.05079141034045"    ,"-1.0"                  ,"1101.7406"           ,"0.033824999999999994"  ,"0.2383"                ,"83.7228714524207"   ,"6.755915317559154"
"Growth Metrics"       ,"operating_income_growth"    ,"6420","35.88717004933724"     ,"5.447638381962292"     ,"843.635958611605"     ,"-10710.0"              ,"59200.0"             ,"-5.847176079734219"    ,"23.73309285598591"     ,"59.610591900311526" ,"0.062266500622665005"
"Growth Metrics"       ,"revenue_cagr_5y"            ,"5838","0.1453968824940048"    ,"0.0896"                ,"0.25615240887827123"  ,"-0.6161"               ,"4.6287"              ,"0.0407"                ,"0.1727"                ,"89.89379924631723"  ,"9.122042341220423"
"Growth Metrics"       ,"revenue_growth_yoy"         ,"6261","89.4268801802807"      ,"3.0560547547126524"    ,"4012.913370600773"    ,"-542.8200972447326"    ,"297066.6666666667"   ,"-5.463710770231449"    ,"12.689999439116047"    ,"59.87861363999362"  ,"2.537359900373599"
"Growth Metrics"       ,"revenue_vs_5y_avg"          ,"5878","1.2600245327241728"    ,"1.1800477393325206"    ,"0.5084845257001644"   ,"-1.7081087484451816"   ,"15.558241758241758"  ,"1.0452943256116414"    ,"1.3778556301966363"    ,"99.57468526709765"  ,"8.499377334993774"
"Identifier"           ,"ticker"                     ,"1627","inf"                   ,"6682.0"                ,""                     ,"1.0"                   ,"inf"                 ,"2371.0"                ,"600123.0"              ,"100.0"              ,"0.0"
"Leverage & Liquidity" ,"cash_ratio"                 ,"6232","0.937602822338489"     ,"0.3671395146878197"    ,"2.940840723182482"    ,"0.0"                   ,"97.0909090909091"    ,"0.17873917406649628"   ,"0.8098569883415689"    ,"99.58279845956355"  ,"2.9887920298879203"
"Leverage & Liquidity" ,"debt_to_assets"             ,"6237","0.2595555524024182"    ,"0.2360151648439977"    ,"0.21302851500271539"  ,"0.0"                   ,"3.042691594188932"   ,"0.09378289630976111"   ,"0.37945775498188855"   ,"98.07599807599807"  ,"2.910958904109589"
"Leverage & Liquidity" ,"debt_to_equity"             ,"6398","0.6059570720051185"    ,"0.4530732345555687"    ,"22.949921559546198"   ,"-1029.4831460674156"   ,"1185.379104477612"   ,"0.12656128806839126"   ,"1.0006035759899696"    ,"95.82682088152548"  ,"0.4047322540473225"
"Leverage & Liquidity" ,"equity_ratio"               ,"6237","0.47664727546018504"   ,"0.4814630752410297"    ,"0.25993835290064626"  ,"-3.342372261661741"    ,"0.9998070801581943"  ,"0.33444517139051805"   ,"0.6439741170126719"    ,"97.64309764309765"  ,"2.910958904109589"
"Leverage & Liquidity" ,"interest_coverage"          ,"5991","-59.608775965357886"   ,"-5.485318107667211"    ,"1760.6711375163356"   ,"-60823.0"              ,"93511.0"             ,"-16.501071639368455"   ,"-1.9845110867181837"   ,"12.635620096811884" ,"6.740348692403487"
"Leverage & Liquidity" ,"working_capital_ratio"      ,"6237","0.18200974296423342"   ,"0.143651832460733"     ,"0.23045722888619166"  ,"-1.8312644645487062"   ,"0.970990604911818"   ,"0.02904791551374285"   ,"0.30417047832679606"   ,"80.6317139650473"   ,"2.910958904109589"
"Market Data"          ,"enterprise_value"           ,"6417","18772.313937977247"    ,"4142.38"               ,"113883.98101859936"   ,"-1388.26"              ,"4594481.87"          ,"1442.65"               ,"11314.78"              ,"99.87533115162849"  ,"0.10896637608966377"
"Market Data"          ,"last_price"                 ,"6424","4707.996885569738"     ,"38.6"                  ,"56130.54642012999"    ,"0.0"                   ,"2603000.0"           ,"12.9725"               ,"134.98499999999999"    ,"99.98443337484434"  ,"0.0"
"Market Data"          ,"market_cap"                 ,"6424","16247.28692403487"     ,"3589.895"              ,"112870.2947124247"    ,"7.9"                   ,"4644267.87"          ,"1176.3325"             ,"9229.205"              ,"100.0"              ,"0.0"
"Momentum & Technical" ,"beta_momentum"              ,"6036","0.05426938369781312"   ,"0.02"                  ,"0.710528570647979"    ,"-9.33"                 ,"15.41"               ,"-0.31"                 ,"0.39"                  ,"51.30881378396289"  ,"6.039850560398506"
"Momentum & Technical" ,"ema_crossover_20_50"        ,"6424","0.3279887920298879"    ,"1.0"                   ,"0.9435183818133668"   ,"-1.0"                  ,"1.0"                 ,"-1.0"                  ,"1.0"                   ,"66.2826899128269"   ,"0.0"
"Momentum & Technical" ,"ema_crossover_50_250"       ,"6424","0.30915317559153177"   ,"1.0"                   ,"0.94187461464093"     ,"-1.0"                  ,"1.0"                 ,"-1.0"                  ,"1.0"                   ,"64.58592777085927"  ,"0.0"
"Momentum & Technical" ,"long_term_trend_score"      ,"6424","0.6110802627336519"    ,"0.21602421217203732"   ,"1.5644359603219815"   ,"-0.9649824513248426"   ,"31.40916416895715"   ,"-0.06867380913424384"  ,"0.738225382160792"     ,"67.9016189290162"   ,"0.0"
"Momentum & Technical" ,"multi_year_high_flag"       ,"6424","0.35990037359900373"   ,"0.0"                   ,"0.4800082930804272"   ,"0.0"                   ,"1.0"                 ,"0.0"                   ,"1.0"                   ,"35.99003735990037"  ,"0.0"
"Momentum & Technical" ,"pct_above_52w_low"          ,"6422","-0.18195357077434288"  ,"-0.5394918312380312"   ,"1.335791699570188"    ,"-1.0"                  ,"41.016510486390004"  ,"-0.8044549631397122"   ,"-0.036385437104861564" ,"23.653067580193085" ,"0.031133250311332503"
"Momentum & Technical" ,"pct_off_52w_high"           ,"6424","-0.821202462285463"    ,"-0.8605486128112414"   ,"0.15141558825253365"  ,"-1.0"                  ,"0.0"                 ,"-0.9373753498527315"   ,"-0.7444248252040877"   ,"0.0"                ,"0.0"
"Momentum & Technical" ,"price_momentum_1m"          ,"6415","5.174859873778083"     ,"3.0864197530864197"    ,"15.686623178040257"   ,"-72.78719397363466"    ,"215.65656565656565"  ,"-3.0116393463037605"   ,"10.77974756580975"     ,"62.68121590023382"  ,"0.14009962640099627"
"Momentum & Technical" ,"price_momentum_1y"          ,"6105","32.76015313123458"     ,"13.08127501034911"     ,"85.59936752833656"    ,"-97.92408066429418"    ,"1907.0"              ,"-9.904761904761905"    ,"47.89156626506024"     ,"64.5045045045045"   ,"4.965753424657534"
"Momentum & Technical" ,"price_momentum_3m"          ,"6404","8.191711715347047"     ,"4.303751371746825"     ,"32.82905174283848"    ,"-73.40350877192982"    ,"1491.1949685534591"  ,"-6.470506335057591"    ,"17.55465359817114"     ,"60.118675827607746" ,"0.311332503113325"
"Momentum & Technical" ,"price_momentum_3y"          ,"6011","86.00277855159672"     ,"25.19774011299435"     ,"247.96810141969092"   ,"-99.98022413793103"    ,"3911.1"              ,"-16.8069739813101"     ,"94.05324526189918"     ,"64.03260688737315"  ,"6.429016189290161"
"Momentum & Technical" ,"price_momentum_5d"          ,"6418","-1.0099096118312276"   ,"-0.9986400725294651"   ,"6.468833427449454"    ,"-32.44239631336406"    ,"72.83236994219654"   ,"-4.153072230648441"    ,"1.8283406718448525"    ,"39.51386724836398"  ,"0.09339975093399751"
"Momentum & Technical" ,"price_momentum_5y"          ,"5477","125.49642394094403"    ,"31.750038959015114"    ,"448.7126568107379"    ,"-99.99180714285714"    ,"10671.812080536913"  ,"-23.410852713178294"   ,"132.34567901234567"    ,"63.17327003834215"  ,"14.74159402241594"
"Momentum & Technical" ,"price_momentum_6m"          ,"6379","20.43453295872833"     ,"8.283132530120483"     ,"60.26961275050253"    ,"-97.94419970631424"    ,"1656.9444444444443"  ,"-8.1924334793929"      ,"31.142451045748444"    ,"63.14469352563098"  ,"0.7004981320049813"
"Momentum & Technical" ,"price_vs_ema_20d"           ,"6423","0.0032564994394067223" ,"0.0013231238216462277" ,"0.05994438104302364"  ,"-0.2961017096746103"   ,"0.5343774968914744"  ,"-0.027218992067300177" ,"0.031710951676720764"  ,"51.362291763973225" ,"0.015566625155666251"
"Momentum & Technical" ,"price_vs_ema_250d"          ,"6312","0.1088819305625546"    ,"0.06890903390958761"   ,"0.2676828761917187"   ,"-0.9575262048147081"   ,"2.719933390203963"   ,"-0.05042148697228465"  ,"0.21277834700783266"   ,"64.95564005069708"  ,"1.7434620174346203"
"Momentum & Technical" ,"range_52w_position"         ,"6424","0.6012112971242821"    ,"0.6781864814696257"    ,"0.2983606653692635"   ,"0.0"                   ,"1.0"                 ,"0.3616365731750347"    ,"0.860900714326921"     ,"99.79763387297635"  ,"0.0"
"Momentum & Technical" ,"secular_trend_flag"         ,"6424","0.3712640099626401"    ,"0.0"                   ,"0.4831804913688756"   ,"0.0"                   ,"1.0"                 ,"0.0"                   ,"1.0"                   ,"37.12640099626401"  ,"0.0"
"Momentum & Technical" ,"volatility_regime"          ,"6418","0.9290559593285154"    ,"0.8838671730634269"    ,"0.3097520014622132"   ,"0.0"                   ,"3.096095113438045"   ,"0.7305832084208205"    ,"1.0797781059954572"    ,"99.9376752882518"   ,"0.09339975093399751"
"Price Target Dynamics","analyst_coverage_change_1m" ,"6424","0.1175280199252802"    ,"0.0"                   ,"0.7217907161493674"   ,"-7.0"                  ,"25.0"                ,"0.0"                   ,"0.0"                   ,"19.14694894146949"  ,"0.0"
"Price Target Dynamics","analyst_coverage_change_1y" ,"6424","0.4002179327521793"    ,"0.0"                   ,"2.2022181680891837"   ,"-11.0"                 ,"27.0"                ,"-1.0"                  ,"1.0"                   ,"39.22789539227895"  ,"0.0"
"Price Target Dynamics","analyst_coverage_change_3m" ,"6424","0.2752179327521793"    ,"0.0"                   ,"1.1420524402391903"   ,"-11.0"                 ,"25.0"                ,"0.0"                   ,"1.0"                   ,"31.460149439601494" ,"0.0"
"Price Target Dynamics","pt_momentum_1m"             ,"6385","0.022980287022386983"  ,"0.0"                   ,"0.10386137932479442"  ,"-0.7428571428571429"   ,"2.0714285714285716"  ,"-0.0009009625473290452","0.026460430562858295"  ,"44.7141738449491"   ,"0.6070983810709838"
"Price Target Dynamics","pt_momentum_1w"             ,"6415","0.00669871405680097"   ,"0.0"                   ,"0.046404662420571056" ,"-0.45454545454545453"  ,"1.7580645161290323"  ,"0.0"                   ,"0.00024852689803744356","25.128604832424006" ,"0.14009962640099627"
"Price Target Dynamics","pt_momentum_1y"             ,"6117","0.24387326936113374"   ,"0.0711864406779661"    ,"2.054304228672713"    ,"-1.0"                  ,"152.84615384615384"  ,"-0.09523809523809523"  ,"0.3284137837654864"    ,"60.34003596534249"  ,"4.778953922789539"
"Price Target Dynamics","pt_momentum_3m"             ,"6318","0.06265981532365189"   ,"0.013623141015516723"  ,"0.2202810930849123"   ,"-0.7428571428571429"   ,"4.215716657443276"   ,"-0.017853125"          ,"0.09733577917485656"   ,"56.31528964862298"  ,"1.6500622665006226"
"Price Target Dynamics","pt_momentum_6m"             ,"6251","0.16006583618075748"   ,"0.05828222482027952"   ,"0.42395387138679974"  ,"-1.0"                  ,"8.454567405751582"   ,"-0.027958798615729023" ,"0.22923387811536144"   ,"64.16573348264278"  ,"2.6930261519302614"
"Profitability"        ,"ebitda_margin_pct"          ,"6312","-51.05646488566445"    ,"14.778311596370184"    ,"1557.2246108858403"   ,"-86500.0"              ,"28801.492537313432"  ,"7.674356025532666"     ,"24.813646817993384"    ,"91.23891001267427"  ,"1.7434620174346203"
"Profitability"        ,"ebitda_margin_trend"        ,"6296","140.89494418636465"    ,"0.0"                   ,"5633.227280100231"    ,"-18040.816326530614"   ,"398111.7617364967"   ,"-0.984249445742188"    ,"1.2347667696912965"    ,"48.10991105463786"  ,"1.9925280199252802"
"Profitability"        ,"equity_multiplier"          ,"6398","2.1831205493285717"    ,"1.9936103470487532"    ,"30.23738999250229"    ,"-1402.1845841784989"   ,"1430.9671641791044"  ,"1.477043260939375"     ,"2.833314563287785"     ,"95.18599562363238"  ,"0.4047322540473225"
"Profitability"        ,"gross_margin_pct"           ,"6251","0.39010431930891054"   ,"0.3582"                ,"0.2779171182186167"   ,"-2.7736"               ,"6.6925"              ,"0.21815"               ,"0.5438000000000001"    ,"98.6082226843705"   ,"2.6930261519302614"
"Profitability"        ,"gross_margin_trend_yoy"     ,"6230","0.0021568539325842696" ,"0.0"                   ,"0.08042713832382224"  ,"-1.3774"               ,"3.9093"              ,"-0.0079"               ,"0.0092"                ,"48.07383627608346"  ,"3.019925280199253"
"Profitability"        ,"margin_expansion_flag"      ,"6424","0.27163760896637607"   ,"0.0"                   ,"0.44483864695032255"  ,"0.0"                   ,"1.0"                 ,"0.0"                   ,"1.0"                   ,"27.163760896637605" ,"0.0"
"Profitability"        ,"net_margin_pct"             ,"6170","1.2127067260940032"    ,"0.06615"               ,"89.06329276647236"    ,"-2.9561"               ,"6995.4401"           ,"0.017525000000000002"  ,"0.13225"               ,"82.38249594813615"  ,"3.9539227895392277"
"Profitability"        ,"net_margin_trend_yoy"       ,"6143","-0.06886291714146182"  ,"0.0"                   ,"6.8273882636848775"   ,"-423.5292"             ,"198.7041"            ,"-0.0121"               ,"0.0127"                ,"46.31287644473384"  ,"4.374221668742217"
"Profitability"        ,"operating_margin_pct"       ,"6312","-63.491465273921186"   ,"9.956380113077689"     ,"1604.0335607489685"   ,"-87722.22222222222"    ,"28886.567164179105"  ,"4.189254344821306"     ,"18.325407471974323"    ,"87.43662864385297"  ,"1.7434620174346203"
"Profitability"        ,"operating_margin_trend"     ,"6296","151.14689544167973"    ,"0.0"                   ,"5952.608149765463"    ,"-18040.816326530614"   ,"423348.54240282683"  ,"-0.9323556258658291"   ,"1.290199226747045"     ,"48.5705209656925"   ,"1.9925280199252802"
"Profitability"        ,"rnd_intensity"              ,"6312","0.2788442637306001"    ,"0.0"                   ,"7.843259087611017"    ,"-54.02985074626866"    ,"494.0"               ,"0.0"                   ,"0.029897473701566226"  ,"37.43662864385298"  ,"1.7434620174346203"
"Profitability"        ,"roa"                        ,"6069","0.03729130004943154"   ,"0.042"                 ,"0.10296932833403064"  ,"-2.3903"               ,"1.5083"              ,"0.0187"                ,"0.0708"                ,"85.96144340088976"  ,"5.526151930261519"
"Profitability"        ,"roe"                        ,"5976","0.08926979585006695"   ,"0.09985"               ,"1.3076596982189723"   ,"-36.4663"              ,"86.042"              ,"0.0283"                ,"0.1789"                ,"80.55555555555556"  ,"6.973848069738481"
"Profitability"        ,"roic"                       ,"6398","4.045863209614297"     ,"5.630708124076591"     ,"55.972756398103165"   ,"-2267.0699321333727"   ,"1608.695652173913"   ,"1.292158082215771"     ,"11.231599429743973"    ,"79.64989059080962"  ,"0.4047322540473225"
"Quality & Risk"       ,"altman_z_score"             ,"5318","4.9121098157201954"    ,"2.85"                  ,"10.301034916699512"   ,"-18.75"                ,"250.11"              ,"1.72"                  ,"4.8475"                ,"97.32982324182024"  ,"17.216687422166874"
"Quality & Risk"       ,"altman_z_trend"             ,"5277","-0.1764790600720106"   ,"0.0"                   ,"4.890338143820451"    ,"-146.78"               ,"103.8"               ,"-0.28"                 ,"0.24"                  ,"45.10138336175857"  ,"17.85491905354919"
"Quality & Risk"       ,"beta_1y"                    ,"6192","0.8004635012919897"    ,"0.72"                  ,"0.708056616482932"    ,"-3.15"                 ,"18.19"               ,"0.34"                  ,"1.17"                  ,"92.86175710594316"  ,"3.61145703611457"
"Quality & Risk"       ,"beta_5y"                    ,"6036","0.7427783300198807"    ,"0.68"                  ,"0.6789930293845949"   ,"-12.25"                ,"11.91"               ,"0.34"                  ,"1.08"                  ,"93.15772034459907"  ,"6.039850560398506"
"Quality & Risk"       ,"beta_spread"                ,"6036","0.05426938369781312"   ,"0.02"                  ,"0.710528570647979"    ,"-9.33"                 ,"15.41"               ,"-0.31"                 ,"0.39"                  ,"51.30881378396289"  ,"6.039850560398506"
"Quality & Risk"       ,"beta_stability_score"       ,"6424","78.8351494396015"      ,"83.5"                  ,"19.572775940950404"   ,"0.0"                   ,"100.0"               ,"70.5"                  ,"93.5"                  ,"98.94146948941469"  ,"0.0"
"Quality & Risk"       ,"beta_trend"                 ,"6015","102.22998604231095"    ,"3.125"                 ,"600.4867933208209"    ,"-2400.0"               ,"16200.0"             ,"-40.56603773584906"    ,"80.12345679012346"     ,"51.22194513715711"  ,"6.366749688667498"
"Quality & Risk"       ,"current_ratio"              ,"6230","2.543788121990369"     ,"1.6"                   ,"4.566052828558477"    ,"0.0"                   ,"154.9"               ,"1.1"                   ,"2.5"                   ,"99.98394863563402"  ,"3.019925280199253"
"Quality & Risk"       ,"exceptional_items_to_ebitda","6391","0.2817899196772817"    ,"0.0031896042528056705" ,"6.537091272536763"    ,"0.0"                   ,"473.5"               ,"0.0"                   ,"0.0421239837398374"    ,"57.846972304803636" ,"0.5136986301369862"
"Quality & Risk"       ,"goodwill_to_assets_pct"     ,"6237","8.695385701124083"     ,"1.0062209600942364"    ,"13.868817554267535"   ,"-0.9430236002764886"   ,"99.4895021686562"    ,"0.0"                   ,"12.435157122348063"    ,"61.80856180856181"  ,"2.910958904109589"
"Quality & Risk"       ,"has_asset_writedown"        ,"6424","0.4564134495641345"    ,"0.0"                   ,"0.4981353625914413"   ,"0.0"                   ,"1.0"                 ,"0.0"                   ,"1.0"                   ,"45.64134495641345"  ,"0.0"
"Quality & Risk"       ,"has_goodwill_impairment"    ,"6424","0.09651307596513076"   ,"0.0"                   ,"0.2953165726454095"   ,"0.0"                   ,"1.0"                 ,"0.0"                   ,"0.0"                   ,"9.651307596513076"  ,"0.0"
"Quality & Risk"       ,"has_restructuring"          ,"6424","0.21404109589041095"   ,"0.0"                   ,"0.41018739203283716"  ,"0.0"                   ,"1.0"                 ,"0.0"                   ,"0.0"                   ,"21.404109589041095" ,"0.0"
"Quality & Risk"       ,"high_beta_flag"             ,"6424","0.12422166874221668"   ,"0.0"                   ,"0.32985994516729145"  ,"0.0"                   ,"1.0"                 ,"0.0"                   ,"0.0"                   ,"12.422166874221668" ,"0.0"
"Quality & Risk"       ,"intangible_intensity"       ,"6237","0.0435622762939895"    ,"0.0"                   ,"0.12484170268154005"  ,"0.0"                   ,"2.289218281277572"   ,"0.0"                   ,"0.006279577721150346"  ,"27.38496071829405"  ,"2.910958904109589"
"Quality & Risk"       ,"low_beta_flag"              ,"6424","0.33670610211706103"   ,"0.0"                   ,"0.4726202218115542"   ,"0.0"                   ,"1.0"                 ,"0.0"                   ,"1.0"                   ,"33.670610211706105" ,"0.0"
"Quality & Risk"       ,"quick_ratio"                ,"6232","2.094351973153877"     ,"1.1828768155422908"    ,"4.50155921216322"     ,"0.0"                   ,"154.7741046831956"   ,"0.8021370600250193"    ,"1.9177005482400393"    ,"99.96790757381258"  ,"2.9887920298879203"
"Technical Analysis"   ,"breakout_signal"            ,"6424","0.20361145703611458"   ,"0.0"                   ,"0.4027146352056331"   ,"0.0"                   ,"1.0"                 ,"0.0"                   ,"0.0"                   ,"20.36114570361146"  ,"0.0"
"Technical Analysis"   ,"ema_slope_20d"              ,"6412","0.01995891703924262"   ,"0.015218985279983449"  ,"0.052337967892425875" ,"-0.6186517729575269"   ,"0.483739837398374"   ,"-0.009053154338447802" ,"0.043002486633080074"  ,"66.40673736743605"  ,"0.18679950186799502"
"Technical Analysis"   ,"ema_trend_consistency"      ,"6424","0.3060398505603985"    ,"0.0"                   ,"0.7726370619830394"   ,"-1.0"                  ,"1.0"                 ,"0.0"                   ,"1.0"                   ,"49.82876712328767"  ,"0.0"
"Technical Analysis"   ,"high_volume_flag"           ,"6424","0.1847758405977584"    ,"0.0"                   ,"0.38814582513261037"  ,"0.0"                   ,"1.0"                 ,"0.0"                   ,"0.0"                   ,"18.47758405977584"  ,"0.0"
"Technical Analysis"   ,"low_volume_flag"            ,"6424","0.05899750933997509"   ,"0.0"                   ,"0.23563838114747718"  ,"0.0"                   ,"1.0"                 ,"0.0"                   ,"0.0"                   ,"5.89975093399751"   ,"0.0"
"Technical Analysis"   ,"near_52w_high_flag"         ,"6424","0.2071917808219178"    ,"0.0"                   ,"0.40532569746102703"  ,"0.0"                   ,"1.0"                 ,"0.0"                   ,"0.0"                   ,"20.71917808219178"  ,"0.0"
"Technical Analysis"   ,"near_52w_low_flag"          ,"6424","0.07098381070983811"   ,"0.0"                   ,"0.2568177882335156"   ,"0.0"                   ,"1.0"                 ,"0.0"                   ,"0.0"                   ,"7.0983810709838115" ,"0.0"
"Technical Analysis"   ,"price_vs_ema_100d"          ,"6386","5.0567342679892135"    ,"3.4592397991221815"    ,"15.553590674183136"   ,"-90.23675860385649"    ,"145.98495629192925"  ,"-3.7069992398967724"   ,"11.643830957137443"    ,"62.54306295020356"  ,"0.5915317559153176"
"Technical Analysis"   ,"volatility_compression"     ,"6418","4.390504830165161"     ,"4.05"                  ,"51.04526382544771"    ,"-384.34"               ,"3708.51"             ,"-2.81"                 ,"10.44"                 ,"66.31349330009348"  ,"0.09339975093399751"
"Technical Analysis"   ,"volatility_term_structure"  ,"6421","-0.8708098427036286"   ,"-0.04"                 ,"10.518350136465026"   ,"-245.41"               ,"220.02"              ,"-3.43"                 ,"2.76"                  ,"49.151222551004516" ,"0.046699875466998754"
"Technical Analysis"   ,"volume_momentum_score"      ,"6415","0.05802761964146533"   ,"0.02937"               ,"0.22383533237609668"  ,"-5.47008"              ,"3.91664"             ,"-0.029565"             ,"0.11787500000000001"   ,"62.385035074045206" ,"0.14009962640099627"
"Temporal Patterns"    ,"days_to_earnings"           ,"6424","37.38636363636363"     ,"27.0"                  ,"28.70610810078629"    ,"-1.0"                  ,"222.0"               ,"13.0"                  ,"55.0"                  ,"98.42777085927771"  ,"0.0"
"Temporal Patterns"    ,"earnings_report_recency"    ,"6419","133.21171522043932"    ,"123.0"                 ,"141.20773153904554"   ,"28.0"                  ,"9712.0"              ,"123.0"                 ,"123.0"                 ,"100.0"              ,"0.07783312577833125"
"Temporal Patterns"    ,"fiscal_month"               ,"6386","8.444096461008456"     ,"9.0"                   ,"1.7798375875761219"   ,"3.0"                   ,"12.0"                ,"9.0"                   ,"9.0"                   ,"100.0"              ,"0.5915317559153176"
"Temporal Patterns"    ,"fiscal_quarter"             ,"6386","2.8169433134982773"    ,"3.0"                   ,"0.5942832239520708"   ,"1.0"                   ,"4.0"                 ,"3.0"                   ,"3.0"                   ,"100.0"              ,"0.5915317559153176"
"Temporal Patterns"    ,"fiscal_year"                ,"6386","2025.2270591919826"    ,"2025.0"                ,"0.5544387938587462"   ,"2000.0"                ,"2027.0"              ,"2025.0"                ,"2025.0"                ,"100.0"              ,"0.5915317559153176"
"Temporal Patterns"    ,"fiscal_year_progress"       ,"6386","0.703674705084038"     ,"0.75"                  ,"0.1483197989646768"   ,"0.25"                  ,"1.0"                 ,"0.75"                  ,"0.75"                  ,"100.0"              ,"0.5915317559153176"
"Temporal Patterns"    ,"reporting_lag"              ,"6419","170.60757127278393"    ,"149.0"                 ,"143.52916259789941"   ,"30.0"                  ,"9783.0"              ,"134.0"                 ,"191.0"                 ,"100.0"              ,"0.07783312577833125"
"Valuation Ratios"     ,"ev_ebitda_ratio"            ,"5766","20.59887270204648"     ,"11.5"                  ,"34.476670500349805"   ,"0.2"                   ,"471.5"               ,"7.7"                   ,"19.1"                  ,"100.0"              ,"10.242839352428394"
"Valuation Ratios"     ,"ev_sales_ratio"             ,"6268","6.363034460753031"     ,"2.3"                   ,"23.810091364532546"   ,"0.0"                   ,"488.1"               ,"1.1"                   ,"4.8"                   ,"99.93618379068283"  ,"2.428393524283935"
"Valuation Ratios"     ,"goodwill_to_equity"         ,"6398","14.140940421259701"    ,"1.3086415238876232"    ,"858.0496006163114"    ,"-66950.50709939149"    ,"11265.085771947528"  ,"0.0"                   ,"27.799223679095576"    ,"58.86214442013129"  ,"0.4047322540473225"
"Valuation Ratios"     ,"intangibles_to_equity"      ,"6398","9.537984162907996"     ,"0.0"                   ,"246.03586149905342"   ,"-15348.837209302326"   ,"8150.0"              ,"0.0"                   ,"0.4983832451690897"    ,"25.929978118161927" ,"0.4047322540473225"
"Valuation Ratios"     ,"p_b_ratio"                  ,"6233","5.366629231509706"     ,"2.7"                   ,"11.422649805326301"   ,"0.1"                   ,"271.4"               ,"1.5"                   ,"5.4"                   ,"100.0"              ,"2.973225404732254"
"Valuation Ratios"     ,"p_e_ratio"                  ,"5028","40.88695306284805"     ,"24.1"                  ,"53.82325598887407"    ,"0.0"                   ,"493.9"               ,"15.2"                  ,"41.7"                  ,"99.98011137629275"  ,"21.73100871731009"
"Valuation Ratios"     ,"peg_ratio"                  ,"4172","0.014039045973365714"  ,"0.2735694199118519"    ,"12.668780116020713"   ,"-193.7874055428253"    ,"289.89526919178115"  ,"-1.6615148844705097"   ,"1.7846919117394149"    ,"55.08149568552253"  ,"35.0560398505604"
"Valuation Ratios"     ,"price_to_tangible_book"     ,"5156","9.691485647788983"     ,"3.8"                   ,"25.577011745307164"   ,"0.2"                   ,"475.9"               ,"1.9"                   ,"8.4"                   ,"100.0"              ,"19.73848069738481"
"Valuation Ratios"     ,"tangible_book_per_share"    ,"6424","1.1376880438063082e-05","1.6639148894171336e-06","0.0002468376133299291","-0.0006366849781438155","0.019256256073858113","2.744351558481231e-07" ,"7.234812176011302e-06" ,"81.56911581569116"  ,"0.0"
"Valuation Ratios"     ,"tangible_equity_ratio"      ,"6237","29.098056408581158"    ,"30.920603154833522"    ,"35.202216147824934"   ,"-708.6255750891198"    ,"99.98070801581943"   ,"8.514910955619008"     ,"52.986194388559085"    ,"81.67388167388168"  ,"2.910958904109589"
"Valuation Timeseries" ,"ev_ebitda_forward_discount" ,"5596","-0.093214693362924"    ,"-0.1368172790466733"   ,"1.448204941349255"    ,"-0.9830657576424016"   ,"97.9090909090909"    ,"-0.2717530657748049"   ,"-0.029197080291970802" ,"19.24588992137241"  ,"12.889165628891655"
"Valuation Timeseries" ,"ev_ebitda_momentum"         ,"5470","1.19928415198542"      ,"0.06515307435039877"   ,"26.677598115874506"   ,"-0.9967741935483871"   ,"1425.0"              ,"-0.19662398006711634"  ,"0.45969245107176143"   ,"55.466179159049354" ,"14.850560398505605"
"Valuation Timeseries" ,"ev_ebitda_vs_3y_avg"        ,"5340","0.14805553832663998"   ,"0.04519918283963228"   ,"0.5862595457333742"   ,"-0.9857512953367875"   ,"9.673708920187794"   ,"-0.15492957746478872"  ,"0.29796565882792087"   ,"55.655430711610485" ,"16.874221668742216"
"Valuation Timeseries" ,"ev_sales_forward_discount"  ,"6128","-0.04777431092942713"  ,"-0.07692307692307693"  ,"1.4358280276992705"   ,"-0.9842188321935823"   ,"104.6"               ,"-0.15584415584415584"  ,"0.0"                   ,"9.024151436031332"  ,"4.60772104607721"
"Valuation Timeseries" ,"ev_sales_qoq_1q"            ,"6193","0.41178883240208575"   ,"0.07407407407407407"   ,"8.514949913549303"    ,"-1.0"                  ,"613.0"               ,"-0.07142857142857142"  ,"0.3191489361702128"    ,"56.32165347973519"  ,"3.595890410958904"
"Valuation Timeseries" ,"ev_sales_trend_1y"          ,"5969","0.49226338398445674"   ,"0.08333333333333333"   ,"3.3940807166560023"   ,"-1.0"                  ,"125.73333333333333"  ,"-0.16"                 ,"0.4583333333333333"    ,"54.91707153627073"  ,"7.082814445828145"
"Valuation Timeseries" ,"ev_sales_vs_3y_avg"         ,"5843","0.1730926003035337"    ,"0.0625"                ,"0.5503240182072372"   ,"-1.0"                  ,"8.125"               ,"-0.11451990632318501"  ,"0.3333333333333333"    ,"54.13315077870957"  ,"9.044209215442093"
"Valuation Timeseries" ,"forward_pe_premium"         ,"4772","-9.983228911311928"    ,"-19.0132150930273"     ,"97.1171914562975"     ,"-100.0"                ,"2670.0"              ,"-37.985449378239004"   ,"-3.208968624506187"    ,"21.79379715004191"  ,"25.716064757160645"
"Valuation Timeseries" ,"p_b_momentum_yoy"           ,"5963","0.5552318983691005"    ,"0.08333333333333333"   ,"3.346872055955454"    ,"-0.9967707212055974"   ,"146.5"               ,"-0.2"                  ,"0.5555555555555556"    ,"54.4021465705182"   ,"7.176214196762142"
"Valuation Timeseries" ,"p_b_vs_5y_avg"              ,"5259","1.157306972684587"     ,"1.0"                   ,"0.8021135374309603"   ,"0.03282275711159737"   ,"13.11111111111111"   ,"0.7272727272727273"    ,"1.3434664246823957"    ,"100.0"              ,"18.135118306351185"
"Valuation Timeseries" ,"p_e_forward_discount"       ,"4772","-0.0998322891131193"   ,"-0.190132150930273"    ,"0.9711719145629751"   ,"-1.0"                  ,"26.7"                ,"-0.3798544937823901"   ,"-0.03208968624506187"  ,"21.79379715004191"  ,"25.716064757160645"
"Valuation Timeseries" ,"p_e_momentum_qoq"           ,"4989","0.37327814057115866"   ,"0.16279069767441862"   ,"1.4503050625728846"   ,"-1.0"                  ,"70.75"               ,"-0.056338028169014086" ,"0.48325358851674644"   ,"68.67107636800962"  ,"22.338107098381073"
"Valuation Timeseries" ,"p_e_momentum_yoy"           ,"4787","0.8175804540872268"    ,"0.1689497716894977"    ,"3.6420229899239978"   ,"-1.0"                  ,"112.2"               ,"-0.20219471243537124"  ,"0.7925469483568075"    ,"60.89408815542093"  ,"25.482565379825655"
"Valuation Timeseries" ,"p_e_vs_3y_avg"              ,"4666","0.29665237457579774"   ,"0.11594202898550725"   ,"0.8835882371803828"   ,"-1.0"                  ,"12.636942675159236"  ,"-0.16166960884511755"  ,"0.47125276093084556"   ,"60.99442777539649"  ,"27.366127023661267"
