"Date   ";"D0";D1      ;"Value   "
"2020-12";"M0";"EUR1  ";"1.08156 "
"2020-12";"M0";"GBP1  ";"1.19369 "
"2020-12";"M0";"DKK100";"14.53502"
"2020-12";"M0";"NOK100";"10.20189"
"2020-12";"M0";"CZK100";"4.11161 "
"2020-12";"M0";"HUF100";"0.30116 "
"2020-12";"M0";"PLN100";"24.15173"
"2020-12";"M0";"RUB1  ";"0.01198 "
"2020-12";"M0";"SEK100";"10.62872"
"2020-12";"M0";"TRY100";"11.51838"
"2020-12";"M0";"USD1  ";"0.88887 "
"2020-12";"M0";"CAD1  ";"0.69343 "
"2020-12";"M0";"ARS1  ";"0.01077 "
"2020-12";"M0";"BRL100";"17.24938"
"2020-12";"M0";"MXN100";"4.45096 "
"2020-12";"M0";"ZAR1  ";"0.05962 "
"2020-12";"M0";"JPY100";"0.8564  "
"2020-12";"M0";"AUD1  ";"0.66876 "
"2020-12";"M0";"CNY100";"13.58844"
"2020-12";"M0";"HKD100";"11.46601"
"2020-12";"M0";"KRW100";"0.08125 "
"2020-12";"M0";"MYR100";"21.91408"
"2020-12";"M0";"NZD1  ";"0.63016 "
"2020-12";"M0";"SGD1  ";"0.66687 "
"2020-12";"M0";"THB100";"2.95494 "
"2020-12";"M0";"XDR1  ";"1.27741 "
"2020-12";"M0";"USD3M ";"0.886   "
"2020-12";"M0";"USD6M ";"0.8836  "
"2021-01";"M0";"EUR1  ";"1.07931 "
"2021-01";"M0";"GBP1  ";"1.2092  "
"2021-01";"M0";"DKK100";"14.50958"
"2021-01";"M0";"NOK100";"10.41457"
"2021-01";"M0";"CZK100";"4.12933 "
"2021-01";"M0";"HUF100";"0.30062 "
"2021-01";"M0";"PLN100";"23.8027 "
"2021-01";"M0";"RUB1  ";"0.01192 "
"2021-01";"M0";"SEK100";"10.69221"
"2021-01";"M0";"TRY100";"11.99406"
"2021-01";"M0";"USD1  ";"0.88663 "
"2021-01";"M0";"CAD1  ";"0.69679 "
"2021-01";"M0";"ARS1  ";"0.01033 "
"2021-01";"M0";"BRL100";"16.57994"
"2021-01";"M0";"MXN100";"4.4537  "
"2021-01";"M0";"ZAR1  ";"0.05863 "
"2021-01";"M0";"JPY100";"0.85465 "
"2021-01";"M0";"AUD1  ";"0.68486 "
"2021-01";"M0";"CNY100";"13.70628"
"2021-01";"M0";"HKD100";"11.43635"
"2021-01";"M0";"KRW100";"0.08068 "
"2021-01";"M0";"MYR100";"21.95528"
"2021-01";"M0";"NZD1  ";"0.63784 "
"2021-01";"M0";"SGD1  ";"0.6687  "
"2021-01";"M0";"THB100";"2.95486 "
"2021-01";"M0";"XDR1  ";"1.27895 "
"2021-01";"M0";"USD3M ";"0.884   "
"2021-01";"M0";"USD6M ";"0.8817  "
"2021-02";"M0";"EUR1  ";"1.08554 "
"2021-02";"M0";"GBP1  ";"1.24399 "
"2021-02";"M0";"DKK100";"14.59703"
"2021-02";"M0";"NOK100";"10.56249"
"2021-02";"M0";"CZK100";"4.19592 "
"2021-02";"M0";"HUF100";"0.30307 "
"2021-02";"M0";"PLN100";"24.13525"
"2021-02";"M0";"RUB1  ";"0.01207 "
"2021-02";"M0";"SEK100";"10.76438"
"2021-02";"M0";"TRY100";"12.67175"
"2021-02";"M0";"USD1  ";"0.89725 "
"2021-02";"M0";"CAD1  ";"0.70691 "
"2021-02";"M0";"ARS1  ";"0.01013 "
"2021-02";"M0";"BRL100";"16.58829"
"2021-02";"M0";"MXN100";"4.4258  "
"2021-02";"M0";"ZAR1  ";"0.06081 "
"2021-02";"M0";"JPY100";"0.8516  "
"2021-02";"M0";"AUD1  ";"0.69602 "
"2021-02";"M0";"CNY100";"13.89589"
"2021-02";"M0";"HKD100";"11.57295"
"2021-02";"M0";"KRW100";"0.08073 "
"2021-02";"M0";"MYR100";"22.17867"
"2021-02";"M0";"NZD1  ";"0.65021 "
"2021-02";"M0";"SGD1  ";"0.67603 "
"2021-02";"M0";"THB100";"2.99003 "
"2021-02";"M0";"XDR1  ";"1.29246 "
"2021-02";"M0";"USD3M ";"0.895   "
"2021-02";"M0";"USD6M ";"0.8927  "
"2021-03";"M0";"EUR1  ";"1.10624 "
"2021-03";"M0";"GBP1  ";"1.28826 "
"2021-03";"M0";"DKK100";"14.87645"
"2021-03";"M0";"NOK100";"10.90131"
"2021-03";"M0";"CZK100";"4.22369 "
"2021-03";"M0";"HUF100";"0.30249 "
"2021-03";"M0";"PLN100";"24.05762"
"2021-03";"M0";"RUB1  ";"0.01248 "
"2021-03";"M0";"SEK100";"10.87807"
"2021-03";"M0";"TRY100";"12.11563"
"2021-03";"M0";"USD1  ";"0.92945 "
"2021-03";"M0";"CAD1  ";"0.73898 "
"2021-03";"M0";"ARS1  ";"0.01021 "
"2021-03";"M0";"BRL100";"16.47986"
"2021-03";"M0";"MXN100";"4.4692  "
"2021-03";"M0";"ZAR1  ";"0.06201 "
"2021-03";"M0";"JPY100";"0.85509 "
"2021-03";"M0";"AUD1  ";"0.71622 "
"2021-03";"M0";"CNY100";"14.27819"
"2021-03";"M0";"HKD100";"11.96933"
"2021-03";"M0";"KRW100";"0.0822  "
"2021-03";"M0";"MYR100";"22.61039"
"2021-03";"M0";"NZD1  ";"0.66308 "
"2021-03";"M0";"SGD1  ";"0.69227 "
"2021-03";"M0";"THB100";"3.01906 "
"2021-03";"M0";"XDR1  ";"1.3275  "
"2021-03";"M0";"USD3M ";"0.927   "
"2021-03";"M0";"USD6M ";"0.9246  "
"2021-04";"M0";"EUR1  ";"1.10326 "
"2021-04";"M0";"GBP1  ";"1.27488 "
"2021-04";"M0";"DKK100";"14.83537"
"2021-04";"M0";"NOK100";"10.98858"
"2021-04";"M0";"CZK100";"4.25505 "
"2021-04";"M0";"HUF100";"0.30578 "
"2021-04";"M0";"PLN100";"24.16934"
"2021-04";"M0";"RUB1  ";"0.01211 "
"2021-04";"M0";"SEK100";"10.85842"
"2021-04";"M0";"TRY100";"11.27475"
"2021-04";"M0";"USD1  ";"0.92125 "
"2021-04";"M0";"CAD1  ";"0.73686 "
"2021-04";"M0";"ARS1  ";"0.00993 "
"2021-04";"M0";"BRL100";"16.56554"
"2021-04";"M0";"MXN100";"4.59498 "
"2021-04";"M0";"ZAR1  ";"0.06395 "
"2021-04";"M0";"JPY100";"0.84553 "
"2021-04";"M0";"AUD1  ";"0.70973 "
"2021-04";"M0";"CNY100";"14.13592"
"2021-04";"M0";"HKD100";"11.85796"
"2021-04";"M0";"KRW100";"0.08246 "
"2021-04";"M0";"MYR100";"22.35603"
"2021-04";"M0";"NZD1  ";"0.65705 "
"2021-04";"M0";"SGD1  ";"0.69067 "
"2021-04";"M0";"THB100";"2.93898 "
"2021-04";"M0";"XDR1  ";"1.31872 "
"2021-04";"M0";"USD3M ";"0.9207  "
"2021-04";"M0";"USD6M ";"0.9183  "
"2021-05";"M0";"EUR1  ";"1.09679 "
"2021-05";"M0";"GBP1  ";"1.27102 "
"2021-05";"M0";"DKK100";"14.74952"
"2021-05";"M0";"NOK100";"10.8777 "
"2021-05";"M0";"CZK100";"4.28878 "
"2021-05";"M0";"HUF100";"0.30983 "
"2021-05";"M0";"PLN100";"24.2087 "
"2021-05";"M0";"RUB1  ";"0.0122  "
"2021-05";"M0";"SEK100";"10.81189"
"2021-05";"M0";"TRY100";"10.78434"
"2021-05";"M0";"USD1  ";"0.90282 "
"2021-05";"M0";"CAD1  ";"0.74392 "
"2021-05";"M0";"ARS1  ";"0.0096  "
"2021-05";"M0";"BRL100";"17.02507"
"2021-05";"M0";"MXN100";"4.51997 "
"2021-05";"M0";"ZAR1  ";"0.06419 "
"2021-05";"M0";"JPY100";"0.82732 "
"2021-05";"M0";"AUD1  ";"0.70088 "
"2021-05";"M0";"CNY100";"14.0439 "
"2021-05";"M0";"HKD100";"11.62675"
"2021-05";"M0";"KRW100";"0.08039 "
"2021-05";"M0";"MYR100";"21.87165"
"2021-05";"M0";"NZD1  ";"0.65228 "
"2021-05";"M0";"SGD1  ";"0.67893 "
"2021-05";"M0";"THB100";"2.88732 "
"2021-05";"M0";"XDR1  ";"1.30051 "
"2021-05";"M0";"USD3M ";"0.9006  "
"2021-05";"M0";"USD6M ";"0.8985  "
"2021-06";"M0";"EUR1  ";"1.09398 "
"2021-06";"M0";"GBP1  ";"1.27357 "
"2021-06";"M0";"DKK100";"14.71126"
"2021-06";"M0";"NOK100";"10.78565"
"2021-06";"M0";"CZK100";"4.29922 "
"2021-06";"M0";"HUF100";"0.31283 "
"2021-06";"M0";"PLN100";"24.30604"
"2021-06";"M0";"RUB1  ";"0.01251 "
"2021-06";"M0";"SEK100";"10.81675"
"2021-06";"M0";"TRY100";"10.53531"
"2021-06";"M0";"USD1  ";"0.9079  "
"2021-06";"M0";"CAD1  ";"0.74305 "
"2021-06";"M0";"ARS1  ";"0.00954 "
"2021-06";"M0";"BRL100";"18.02775"
"2021-06";"M0";"MXN100";"4.53609 "
"2021-06";"M0";"ZAR1  ";"0.06526 "
"2021-06";"M0";"JPY100";"0.82468 "
"2021-06";"M0";"AUD1  ";"0.69401 "
"2021-06";"M0";"CNY100";"14.13304"
"2021-06";"M0";"HKD100";"11.69718"
"2021-06";"M0";"KRW100";"0.08092 "
"2021-06";"M0";"MYR100";"21.95766"
"2021-06";"M0";"NZD1  ";"0.6457  "
"2021-06";"M0";"SGD1  ";"0.68088 "
"2021-06";"M0";"THB100";"2.8879  "
"2021-06";"M0";"XDR1  ";"1.30273 "
"2021-06";"M0";"USD3M ";"0.9057  "
"2021-06";"M0";"USD6M ";"0.9035  "
"2021-07";"M0";"EUR1  ";"1.0854  "
"2021-07";"M0";"GBP1  ";"1.26725 "
"2021-07";"M0";"DKK100";"14.59438"
"2021-07";"M0";"NOK100";"10.45764"
"2021-07";"M0";"CZK100";"4.23432 "
"2021-07";"M0";"HUF100";"0.30378 "
"2021-07";"M0";"PLN100";"23.78405"
"2021-07";"M0";"RUB1  ";"0.01242 "
"2021-07";"M0";"SEK100";"10.64391"
"2021-07";"M0";"TRY100";"10.66861"
"2021-07";"M0";"USD1  ";"0.91801 "
"2021-07";"M0";"CAD1  ";"0.73309 "
"2021-07";"M0";"ARS1  ";"0.00955 "
"2021-07";"M0";"BRL100";"17.8162 "
"2021-07";"M0";"MXN100";"4.59495 "
"2021-07";"M0";"ZAR1  ";"0.06321 "
"2021-07";"M0";"JPY100";"0.83257 "
"2021-07";"M0";"AUD1  ";"0.68158 "
"2021-07";"M0";"CNY100";"14.18181"
"2021-07";"M0";"HKD100";"11.81348"
"2021-07";"M0";"KRW100";"0.08018 "
"2021-07";"M0";"MYR100";"21.84979"
"2021-07";"M0";"NZD1  ";"0.64108 "
"2021-07";"M0";"SGD1  ";"0.67758 "
"2021-07";"M0";"THB100";"2.81308 "
"2021-07";"M0";"XDR1  ";"1.30625 "
"2021-07";"M0";"USD3M ";"0.9158  "
"2021-07";"M0";"USD6M ";"0.9132  "
"2021-08";"M0";"EUR1  ";"1.07602 "
"2021-08";"M0";"GBP1  ";"1.26153 "
"2021-08";"M0";"DKK100";"14.46858"
"2021-08";"M0";"NOK100";"10.32178"
"2021-08";"M0";"CZK100";"4.22482 "
"2021-08";"M0";"HUF100";"0.30582 "
"2021-08";"M0";"PLN100";"23.55002"
"2021-08";"M0";"RUB1  ";"0.01243 "
"2021-08";"M0";"SEK100";"10.53222"
"2021-08";"M0";"TRY100";"10.78453"
"2021-08";"M0";"USD1  ";"0.91421 "
"2021-08";"M0";"CAD1  ";"0.72575 "
"2021-08";"M0";"ARS1  ";"0.00941 "
"2021-08";"M0";"BRL100";"17.39887"
"2021-08";"M0";"MXN100";"4.55599 "
"2021-08";"M0";"ZAR1  ";"0.06186 "
"2021-08";"M0";"JPY100";"0.83228 "
"2021-08";"M0";"AUD1  ";"0.66746 "
"2021-08";"M0";"CNY100";"14.11566"
"2021-08";"M0";"HKD100";"11.74486"
"2021-08";"M0";"KRW100";"0.07874 "
"2021-08";"M0";"MYR100";"21.67136"
"2021-08";"M0";"NZD1  ";"0.63756 "
"2021-08";"M0";"SGD1  ";"0.67467 "
"2021-08";"M0";"THB100";"2.76201 "
"2021-08";"M0";"XDR1  ";"1.29987 "
"2021-08";"M0";"USD3M ";"0.912   "
"2021-08";"M0";"USD6M ";"0.9096  "
"2021-09";"M0";"EUR1  ";"1.08595 "
"2021-09";"M0";"GBP1  ";"1.26734 "
"2021-09";"M0";"DKK100";"14.60398"
"2021-09";"M0";"NOK100";"10.65417"
"2021-09";"M0";"CZK100";"4.27845 "
"2021-09";"M0";"HUF100";"0.30827 "
"2021-09";"M0";"PLN100";"23.77532"
"2021-09";"M0";"RUB1  ";"0.01265 "
"2021-09";"M0";"SEK100";"10.67276"
"2021-09";"M0";"TRY100";"10.7955 "
"2021-09";"M0";"USD1  ";"0.92233 "
"2021-09";"M0";"CAD1  ";"0.72861 "
"2021-09";"M0";"ARS1  ";"0.00939 "
"2021-09";"M0";"BRL100";"17.52316"
"2021-09";"M0";"MXN100";"4.60592 "
"2021-09";"M0";"ZAR1  ";"0.06338 "
"2021-09";"M0";"JPY100";"0.83728 "
"2021-09";"M0";"AUD1  ";"0.67549 "
"2021-09";"M0";"CNY100";"14.28441"
"2021-09";"M0";"HKD100";"11.85431"
"2021-09";"M0";"KRW100";"0.07867 "
"2021-09";"M0";"MYR100";"22.13273"
"2021-09";"M0";"NZD1  ";"0.65154 "
"2021-09";"M0";"SGD1  ";"0.68449 "
"2021-09";"M0";"THB100";"2.79031 "
"2021-09";"M0";"XDR1  ";"1.31085 "
"2021-09";"M0";"USD3M ";"0.9202  "
"2021-09";"M0";"USD6M ";"0.9178  "
"2021-10";"M0";"EUR1  ";"1.07137 "
"2021-10";"M0";"GBP1  ";"1.26398 "
"2021-10";"M0";"DKK100";"14.40046"
"2021-10";"M0";"NOK100";"10.90088"
"2021-10";"M0";"CZK100";"4.2023  "
"2021-10";"M0";"HUF100";"0.29682 "
"2021-10";"M0";"PLN100";"23.32327"
"2021-10";"M0";"RUB1  ";"0.01294 "
"2021-10";"M0";"SEK100";"10.64842"
"2021-10";"M0";"TRY100";"10.04283"
"2021-10";"M0";"USD1  ";"0.92356 "
"2021-10";"M0";"CAD1  ";"0.74204 "
"2021-10";"M0";"ARS1  ";"0.00931 "
"2021-10";"M0";"BRL100";"16.70066"
"2021-10";"M0";"MXN100";"4.51115 "
"2021-10";"M0";"ZAR1  ";"0.06218 "
"2021-10";"M0";"JPY100";"0.81663 "
"2021-10";"M0";"AUD1  ";"0.68326 "
"2021-10";"M0";"CNY100";"14.38428"
"2021-10";"M0";"HKD100";"11.87079"
"2021-10";"M0";"KRW100";"0.0781  "
"2021-10";"M0";"MYR100";"22.18013"
"2021-10";"M0";"NZD1  ";"0.65092 "
"2021-10";"M0";"SGD1  ";"0.6836  "
"2021-10";"M0";"THB100";"2.76053 "
"2021-10";"M0";"XDR1  ";"1.30324 "
"2021-10";"M0";"USD3M ";"0.921   "
"2021-10";"M0";"USD6M ";"0.9188  "
"2021-11";"M0";"EUR1  ";"1.05217 "
"2021-11";"M0";"GBP1  ";"1.24082 "
"2021-11";"M0";"DKK100";"14.14731"
"2021-11";"M0";"NOK100";"10.56299"
"2021-11";"M0";"CZK100";"4.14278 "
"2021-11";"M0";"HUF100";"0.28869 "
"2021-11";"M0";"PLN100";"22.63431"
"2021-11";"M0";"RUB1  ";"0.01266 "
"2021-11";"M0";"SEK100";"10.47546"
"2021-11";"M0";"TRY100";"8.70018 "
"2021-11";"M0";"USD1  ";"0.92184 "
"2021-11";"M0";"CAD1  ";"0.73375 "
"2021-11";"M0";"ARS1  ";"0.00919 "
"2021-11";"M0";"BRL100";"16.58544"
"2021-11";"M0";"MXN100";"4.41642 "
"2021-11";"M0";"ZAR1  ";"0.05941 "
"2021-11";"M0";"JPY100";"0.80879 "
"2021-11";"M0";"AUD1  ";"0.67368 "
"2021-11";"M0";"CNY100";"14.4293 "
"2021-11";"M0";"HKD100";"11.8332 "
"2021-11";"M0";"KRW100";"0.0779  "
"2021-11";"M0";"MYR100";"22.06395"
"2021-11";"M0";"NZD1  ";"0.64708 "
"2021-11";"M0";"SGD1  ";"0.67931 "
"2021-11";"M0";"THB100";"2.78574 "
"2021-11";"M0";"XDR1  ";"1.29376 "
"2021-11";"M0";"USD3M ";"0.9191  "
"2021-11";"M0";"USD6M ";"0.9167  "
"2021-12";"M0";"EUR1  ";"1.04078 "
"2021-12";"M0";"GBP1  ";"1.2259  "
"2021-12";"M0";"DKK100";"13.99625"
"2021-12";"M0";"NOK100";"10.26689"
"2021-12";"M0";"CZK100";"4.12174 "
"2021-12";"M0";"HUF100";"0.2833  "
"2021-12";"M0";"PLN100";"22.5478 "
"2021-12";"M0";"RUB1  ";"0.01248 "
"2021-12";"M0";"SEK100";"10.13557"
"2021-12";"M0";"TRY100";"6.86317 "
"2021-12";"M0";"USD1  ";"0.9209  "
"2021-12";"M0";"CAD1  ";"0.71976 "
"2021-12";"M0";"ARS1  ";"0.00904 "
"2021-12";"M0";"BRL100";"16.28731"
"2021-12";"M0";"MXN100";"4.40168 "
"2021-12";"M0";"ZAR1  ";"0.05802 "
"2021-12";"M0";"JPY100";"0.80808 "
"2021-12";"M0";"AUD1  ";"0.65938 "
"2021-12";"M0";"CNY100";"14.46188"
"2021-12";"M0";"HKD100";"11.80821"
"2021-12";"M0";"KRW100";"0.07778 "
"2021-12";"M0";"MYR100";"21.87046"
"2021-12";"M0";"NZD1  ";"0.62512 "
"2021-12";"M0";"SGD1  ";"0.67564 "
"2021-12";"M0";"THB100";"2.74434 "
"2021-12";"M0";"XDR1  ";"1.28692 "
"2021-12";"M0";"USD3M ";"0.9183  "
"2021-12";"M0";"USD6M ";"0.9157  "
"2022-01";"M0";"EUR1  ";"1.04018 "
"2022-01";"M0";"GBP1  ";"1.24588 "
"2022-01";"M0";"DKK100";"13.97931"
"2022-01";"M0";"NOK100";"10.39293"
"2022-01";"M0";"CZK100";"4.2518  "
"2022-01";"M0";"HUF100";"0.29001 "
"2022-01";"M0";"PLN100";"22.84826"
"2022-01";"M0";"RUB1  ";"0.01202 "
"2022-01";"M0";"SEK100";"10.05149"
"2022-01";"M0";"TRY100";"6.77205 "
"2022-01";"M0";"USD1  ";"0.91868 "
"2022-01";"M0";"CAD1  ";"0.72822 "
"2022-01";"M0";"ARS1  ";"0.00885 "
"2022-01";"M0";"BRL100";"16.58074"
"2022-01";"M0";"MXN100";"4.48265 "
"2022-01";"M0";"ZAR1  ";"0.05935 "
"2022-01";"M0";"JPY100";"0.79952 "
"2022-01";"M0";"AUD1  ";"0.65982 "
"2022-01";"M0";"CNY100";"14.45474"
"2022-01";"M0";"HKD100";"11.78955"
"2022-01";"M0";"KRW100";"0.07682 "
"2022-01";"M0";"MYR100";"21.9261 "
"2022-01";"M0";"NZD1  ";"0.61981 "
"2022-01";"M0";"SGD1  ";"0.68021 "
"2022-01";"M0";"THB100";"2.76562 "
"2022-01";"M0";"XDR1  ";"1.28656 "
"2022-01";"M0";"USD3M ";"0.9162  "
"2022-01";"M0";"USD6M ";"0.9132  "
"2022-02";"M0";"EUR1  ";"1.04611 "
"2022-02";"M0";"GBP1  ";"1.24925 "
"2022-02";"M0";"DKK100";"14.05885"
"2022-02";"M0";"NOK100";"10.39822"
"2022-02";"M0";"CZK100";"4.28312 "
"2022-02";"M0";"HUF100";"0.29317 "
"2022-02";"M0";"PLN100";"22.99345"
"2022-02";"M0";"RUB1  ";"0.01183 "
"2022-02";"M0";"SEK100";"9.92367 "
"2022-02";"M0";"TRY100";"6.7559  "
"2022-02";"M0";"USD1  ";"0.92266 "
"2022-02";"M0";"CAD1  ";"0.7253  "
"2022-02";"M0";"ARS1  ";"0.00869 "
"2022-02";"M0";"BRL100";"17.75218"
"2022-02";"M0";"MXN100";"4.50944 "
"2022-02";"M0";"ZAR1  ";"0.0606  "
"2022-02";"M0";"JPY100";"0.80117 "
"2022-02";"M0";"AUD1  ";"0.66085 "
"2022-02";"M0";"CNY100";"14.54277"
"2022-02";"M0";"HKD100";"11.82933"
"2022-02";"M0";"KRW100";"0.07697 "
"2022-02";"M0";"MYR100";"22.03235"
"2022-02";"M0";"NZD1  ";"0.6157  "
"2022-02";"M0";"SGD1  ";"0.68504 "
"2022-02";"M0";"THB100";"2.82734 "
"2022-02";"M0";"XDR1  ";"1.29276 "
"2022-02";"M0";"USD3M ";"0.9197  "
"2022-02";"M0";"USD6M ";"0.9157  "
"2022-03";"M0";"EUR1  ";"1.02458 "
"2022-03";"M0";"GBP1  ";"1.22444 "
"2022-03";"M0";"DKK100";"13.77083"
"2022-03";"M0";"NOK100";"10.52065"
"2022-03";"M0";"CZK100";"4.10213 "
"2022-03";"M0";"HUF100";"0.27214 "
"2022-03";"M0";"PLN100";"21.55273"
"2022-03";"M0";"RUB1  ";"0.00872 "
"2022-03";"M0";"SEK100";"9.7168  "
"2022-03";"M0";"TRY100";"6.35487 "
"2022-03";"M0";"USD1  ";"0.92967 "
"2022-03";"M0";"CAD1  ";"0.73428 "
"2022-03";"M0";"ARS1  ";"0.00851 "
"2022-03";"M0";"BRL100";"18.65366"
"2022-03";"M0";"MXN100";"4.51944 "
"2022-03";"M0";"ZAR1  ";"0.06202 "
"2022-03";"M0";"JPY100";"0.78397 "
"2022-03";"M0";"AUD1  ";"0.68516 "
"2022-03";"M0";"CNY100";"14.65311"
"2022-03";"M0";"HKD100";"11.88409"
"2022-03";"M0";"KRW100";"0.07615 "
"2022-03";"M0";"MYR100";"22.13094"
"2022-03";"M0";"NZD1  ";"0.63815 "
"2022-03";"M0";"SGD1  ";"0.68398 "
"2022-03";"M0";"THB100";"2.79513 "
"2022-03";"M0";"XDR1  ";"1.2849  "
"2022-03";"M0";"USD3M ";"0.926   "
"2022-03";"M0";"USD6M ";"0.9209  "
"2022-04";"M0";"EUR1  ";"1.02172 "
"2022-04";"M0";"GBP1  ";"1.22122 "
"2022-04";"M0";"DKK100";"13.73474"
"2022-04";"M0";"NOK100";"10.61003"
"2022-04";"M0";"CZK100";"4.18104 "
"2022-04";"M0";"HUF100";"0.27238 "
"2022-04";"M0";"PLN100";"21.97446"
"2022-04";"M0";"RUB1  ";"0.01191 "
"2022-04";"M0";"SEK100";"9.90104 "
"2022-04";"M0";"TRY100";"6.41082 "
"2022-04";"M0";"USD1  ";"0.94391 "
"2022-04";"M0";"CAD1  ";"0.74814 "
"2022-04";"M0";"ARS1  ";"0.00834 "
"2022-04";"M0";"BRL100";"19.92795"
"2022-04";"M0";"MXN100";"4.7026  "
"2022-04";"M0";"ZAR1  ";"0.06282 "
"2022-04";"M0";"JPY100";"0.7473  "
"2022-04";"M0";"AUD1  ";"0.69682 "
"2022-04";"M0";"CNY100";"14.66993"
"2022-04";"M0";"HKD100";"12.03787"
"2022-04";"M0";"KRW100";"0.07641 "
"2022-04";"M0";"MYR100";"22.09732"
"2022-04";"M0";"NZD1  ";"0.63928 "
"2022-04";"M0";"SGD1  ";"0.69102 "
"2022-04";"M0";"THB100";"2.79307 "
"2022-04";"M0";"XDR1  ";"1.2891  "
"2022-04";"M0";"USD3M ";"0.9394  "
"2022-04";"M0";"USD6M ";"0.9331  "
"2022-05";"M0";"EUR1  ";"1.03591 "
"2022-05";"M0";"GBP1  ";"1.21942 "
"2022-05";"M0";"DKK100";"13.92306"
"2022-05";"M0";"NOK100";"10.21936"
"2022-05";"M0";"CZK100";"4.18452 "
"2022-05";"M0";"HUF100";"0.26978 "
"2022-05";"M0";"PLN100";"22.26913"
"2022-05";"M0";"RUB1  ";"0.01523 "
"2022-05";"M0";"SEK100";"9.87572 "
"2022-05";"M0";"TRY100";"6.2913  "
"2022-05";"M0";"USD1  ";"0.98024 "
"2022-05";"M0";"CAD1  ";"0.76282 "
"2022-05";"M0";"ARS1  ";"0.00834 "
"2022-05";"M0";"BRL100";"19.73513"
"2022-05";"M0";"MXN100";"4.88533 "
"2022-05";"M0";"ZAR1  ";"0.06161 "
"2022-05";"M0";"JPY100";"0.76041 "
"2022-05";"M0";"AUD1  ";"0.69113 "
"2022-05";"M0";"CNY100";"14.63506"
"2022-05";"M0";"HKD100";"12.48849"
"2022-05";"M0";"KRW100";"0.07732 "
"2022-05";"M0";"MYR100";"22.37555"
"2022-05";"M0";"NZD1  ";"0.6274  "
"2022-05";"M0";"SGD1  ";"0.70881 "
"2022-05";"M0";"THB100";"2.84735 "
"2022-05";"M0";"XDR1  ";"1.31461 "
"2022-05";"M0";"USD3M ";"0.974   "
"2022-05";"M0";"USD6M ";"0.967   "
"2022-06";"M0";"EUR1  ";"1.02495 "
"2022-06";"M0";"GBP1  ";"1.19485 "
"2022-06";"M0";"DKK100";"13.77732"
"2022-06";"M0";"NOK100";"9.94607 "
"2022-06";"M0";"CZK100";"4.14539 "
"2022-06";"M0";"HUF100";"0.25822 "
"2022-06";"M0";"PLN100";"22.05405"
"2022-06";"M0";"RUB1  ";"0.01703 "
"2022-06";"M0";"SEK100";"9.66685 "
"2022-06";"M0";"TRY100";"5.69668 "
"2022-06";"M0";"USD1  ";"0.96962 "
"2022-06";"M0";"CAD1  ";"0.75647 "
"2022-06";"M0";"ARS1  ";"0.00791 "
"2022-06";"M0";"BRL100";"19.2346 "
"2022-06";"M0";"MXN100";"4.84534 "
"2022-06";"M0";"ZAR1  ";"0.06138 "
"2022-06";"M0";"JPY100";"0.72381 "
"2022-06";"M0";"AUD1  ";"0.68082 "
"2022-06";"M0";"CNY100";"14.47895"
"2022-06";"M0";"HKD100";"12.35462"
"2022-06";"M0";"KRW100";"0.07582 "
"2022-06";"M0";"MYR100";"22.02477"
"2022-06";"M0";"NZD1  ";"0.61565 "
"2022-06";"M0";"SGD1  ";"0.70067 "
"2022-06";"M0";"THB100";"2.77386 "
"2022-06";"M0";"XDR1  ";"1.2963  "
"2022-06";"M0";"USD3M ";"0.9631  "
"2022-06";"M0";"USD6M ";"0.9558  "
"2022-07";"M0";"EUR1  ";"0.98765 "
"2022-07";"M0";"GBP1  ";"1.16254 "
"2022-07";"M0";"DKK100";"13.2707 "
"2022-07";"M0";"NOK100";"9.68793 "
"2022-07";"M0";"CZK100";"4.01505 "
"2022-07";"M0";"HUF100";"0.24444 "
"2022-07";"M0";"PLN100";"20.69005"
"2022-07";"M0";"RUB1  ";"0.01642 "
"2022-07";"M0";"SEK100";"9.33381 "
"2022-07";"M0";"TRY100";"5.54941 "
"2022-07";"M0";"USD1  ";"0.96954 "
"2022-07";"M0";"CAD1  ";"0.74919 "
"2022-07";"M0";"ARS1  ";"0.00757 "
"2022-07";"M0";"BRL100";"18.04921"
"2022-07";"M0";"MXN100";"4.72285 "
"2022-07";"M0";"ZAR1  ";"0.05752 "
"2022-07";"M0";"JPY100";"0.70908 "
"2022-07";"M0";"AUD1  ";"0.66437 "
"2022-07";"M0";"CNY100";"14.40007"
"2022-07";"M0";"HKD100";"12.35213"
"2022-07";"M0";"KRW100";"0.07414 "
"2022-07";"M0";"MYR100";"21.83229"
"2022-07";"M0";"NZD1  ";"0.60063 "
"2022-07";"M0";"SGD1  ";"0.69464 "
"2022-07";"M0";"THB100";"2.66648 "
"2022-07";"M0";"XDR1  ";"1.27828 "
"2022-07";"M0";"USD3M ";"0.9626  "
"2022-07";"M0";"USD6M ";"0.954   "
"2022-08";"M0";"EUR1  ";"0.96899 "
"2022-08";"M0";"GBP1  ";"1.14693 "
"2022-08";"M0";"DKK100";"13.0253 "
"2022-08";"M0";"NOK100";"9.8602  "
"2022-08";"M0";"CZK100";"3.94514 "
"2022-08";"M0";"HUF100";"0.24092 "
"2022-08";"M0";"PLN100";"20.52874"
"2022-08";"M0";"RUB1  ";"0.01576 "
"2022-08";"M0";"SEK100";"9.21974 "
"2022-08";"M0";"TRY100";"5.30527 "
"2022-08";"M0";"USD1  ";"0.95717 "
"2022-08";"M0";"CAD1  ";"0.74116 "
"2022-08";"M0";"ARS1  ";"0.00709 "
"2022-08";"M0";"BRL100";"18.61382"
"2022-08";"M0";"MXN100";"4.75566 "
"2022-08";"M0";"ZAR1  ";"0.05734 "
"2022-08";"M0";"JPY100";"0.70772 "
"2022-08";"M0";"AUD1  ";"0.66613 "
"2022-08";"M0";"CNY100";"14.06791"
"2022-08";"M0";"HKD100";"12.1992 "
"2022-08";"M0";"KRW100";"0.07249 "
"2022-08";"M0";"MYR100";"21.42617"
"2022-08";"M0";"NZD1  ";"0.59962 "
"2022-08";"M0";"SGD1  ";"0.69142 "
"2022-08";"M0";"THB100";"2.67159 "
"2022-08";"M0";"XDR1  ";"1.2583  "
"2022-08";"M0";"USD3M ";"0.9497  "
"2022-08";"M0";"USD6M ";"0.9411  "
"2022-09";"M0";"EUR1  ";"0.96419 "
"2022-09";"M0";"GBP1  ";"1.10347 "
"2022-09";"M0";"DKK100";"12.96564"
"2022-09";"M0";"NOK100";"9.50279 "
"2022-09";"M0";"CZK100";"3.92288 "
"2022-09";"M0";"HUF100";"0.23873 "
"2022-09";"M0";"PLN100";"20.32739"
"2022-09";"M0";"RUB1  ";"0.0162  "
"2022-09";"M0";"SEK100";"8.94482 "
"2022-09";"M0";"TRY100";"5.31038 "
"2022-09";"M0";"USD1  ";"0.97293 "
"2022-09";"M0";"CAD1  ";"0.73088 "
"2022-09";"M0";"ARS1  ";"0.0068  "
"2022-09";"M0";"BRL100";"18.62051"
"2022-09";"M0";"MXN100";"4.84742 "
"2022-09";"M0";"ZAR1  ";"0.05544 "
"2022-09";"M0";"JPY100";"0.68075 "
"2022-09";"M0";"AUD1  ";"0.65041 "
"2022-09";"M0";"CNY100";"13.85476"
"2022-09";"M0";"HKD100";"12.39519"
"2022-09";"M0";"KRW100";"0.06972 "
"2022-09";"M0";"MYR100";"21.40682"
"2022-09";"M0";"NZD1  ";"0.57777 "
"2022-09";"M0";"SGD1  ";"0.68832 "
"2022-09";"M0";"THB100";"2.62679 "
"2022-09";"M0";"XDR1  ";"1.25636 "
"2022-09";"M0";"USD3M ";"0.9651  "
"2022-09";"M0";"USD6M ";"0.9566  "
"2022-10";"M0";"EUR1  ";"0.97899 "
"2022-10";"M0";"GBP1  ";"1.12398 "
"2022-10";"M0";"DKK100";"13.16062"
"2022-10";"M0";"NOK100";"9.41809 "
"2022-10";"M0";"CZK100";"3.98994 "
"2022-10";"M0";"HUF100";"0.23419 "
"2022-10";"M0";"PLN100";"20.36972"
"2022-10";"M0";"RUB1  ";"0.01614 "
"2022-10";"M0";"SEK100";"8.94175 "
"2022-10";"M0";"TRY100";"5.35473 "
"2022-10";"M0";"USD1  ";"0.99564 "
"2022-10";"M0";"CAD1  ";"0.72599 "
"2022-10";"M0";"ARS1  ";"0.00656 "
"2022-10";"M0";"BRL100";"18.91138"
"2022-10";"M0";"MXN100";"4.9786  "
"2022-10";"M0";"ZAR1  ";"0.05492 "
"2022-10";"M0";"JPY100";"0.67652 "
"2022-10";"M0";"AUD1  ";"0.63286 "
"2022-10";"M0";"CNY100";"13.83964"
"2022-10";"M0";"HKD100";"12.68395"
"2022-10";"M0";"KRW100";"0.06979 "
"2022-10";"M0";"MYR100";"21.2069 "
"2022-10";"M0";"NZD1  ";"0.56614 "
"2022-10";"M0";"SGD1  ";"0.6987  "
"2022-10";"M0";"THB100";"2.6245  "
"2022-10";"M0";"XDR1  ";"1.27656 "
"2022-10";"M0";"USD3M ";"0.9848  "
"2022-10";"M0";"USD6M ";"0.9751  "
"2022-11";"M0";"EUR1  ";"0.9843  "
"2022-11";"M0";"GBP1  ";"1.13286 "
"2022-11";"M0";"DKK100";"13.23148"
"2022-11";"M0";"NOK100";"9.51697 "
"2022-11";"M0";"CZK100";"4.03946 "
"2022-11";"M0";"HUF100";"0.24179 "
"2022-11";"M0";"PLN100";"20.96683"
"2022-11";"M0";"RUB1  ";"0.01584 "
"2022-11";"M0";"SEK100";"9.04706 "
"2022-11";"M0";"TRY100";"5.18798 "
"2022-11";"M0";"USD1  ";"0.96588 "
"2022-11";"M0";"CAD1  ";"0.71855 "
"2022-11";"M0";"ARS1  ";"0.00598 "
"2022-11";"M0";"BRL100";"18.32133"
"2022-11";"M0";"MXN100";"4.96159 "
"2022-11";"M0";"ZAR1  ";"0.05519 "
"2022-11";"M0";"JPY100";"0.67855 "
"2022-11";"M0";"AUD1  ";"0.63698 "
"2022-11";"M0";"CNY100";"13.45553"
"2022-11";"M0";"HKD100";"12.33599"
"2022-11";"M0";"KRW100";"0.07112 "
"2022-11";"M0";"MYR100";"20.96009"
"2022-11";"M0";"NZD1  ";"0.58513 "
"2022-11";"M0";"SGD1  ";"0.69628 "
"2022-11";"M0";"THB100";"2.65458 "
"2022-11";"M0";"XDR1  ";"1.2543  "
"2022-11";"M0";"USD3M ";"0.9549  "
"2022-11";"M0";"USD6M ";"0.9448  "
"2022-12";"M0";"EUR1  ";"0.98654 "
"2022-12";"M0";"GBP1  ";"1.13487 "
"2022-12";"M0";"DKK100";"13.26406"
"2022-12";"M0";"NOK100";"9.43884 "
"2022-12";"M0";"CZK100";"4.06462 "
"2022-12";"M0";"HUF100";"0.24231 "
"2022-12";"M0";"PLN100";"21.06493"
"2022-12";"M0";"RUB1  ";"0.01415 "
"2022-12";"M0";"SEK100";"8.98384 "
"2022-12";"M0";"TRY100";"4.99415 "
"2022-12";"M0";"USD1  ";"0.93205 "
"2022-12";"M0";"CAD1  ";"0.68622 "
"2022-12";"M0";"ARS1  ";"0.00542 "
"2022-12";"M0";"BRL100";"17.76749"
"2022-12";"M0";"MXN100";"4.75481 "
"2022-12";"M0";"ZAR1  ";"0.05398 "
"2022-12";"M0";"JPY100";"0.69079 "
"2022-12";"M0";"AUD1  ";"0.62919 "
"2022-12";"M0";"CNY100";"13.35874"
"2022-12";"M0";"HKD100";"11.97113"
"2022-12";"M0";"KRW100";"0.07205 "
"2022-12";"M0";"MYR100";"21.12426"
"2022-12";"M0";"NZD1  ";"0.59208 "
"2022-12";"M0";"SGD1  ";"0.68937 "
"2022-12";"M0";"THB100";"2.67903 "
"2022-12";"M0";"XDR1  ";"1.238   "
"2022-12";"M0";"USD3M ";"0.9223  "
"2022-12";"M0";"USD6M ";"0.9129  "
"2023-01";"M0";"EUR1  ";"0.99615 "
"2023-01";"M0";"GBP1  ";"1.1296  "
"2023-01";"M0";"DKK100";"13.39202"
"2023-01";"M0";"NOK100";"9.3013  "
"2023-01";"M0";"CZK100";"4.15871 "
"2023-01";"M0";"HUF100";"0.2519  "
"2023-01";"M0";"PLN100";"21.19802"
"2023-01";"M0";"RUB1  ";"0.01328 "
"2023-01";"M0";"SEK100";"8.89424 "
"2023-01";"M0";"TRY100";"4.91825 "
"2023-01";"M0";"USD1  ";"0.92411 "
"2023-01";"M0";"CAD1  ";"0.68812 "
"2023-01";"M0";"ARS1  ";"0.00508 "
"2023-01";"M0";"BRL100";"17.79058"
"2023-01";"M0";"MXN100";"4.87077 "
"2023-01";"M0";"ZAR1  ";"0.05403 "
"2023-01";"M0";"JPY100";"0.70877 "
"2023-01";"M0";"AUD1  ";"0.64224 "
"2023-01";"M0";"CNY100";"13.60888"
"2023-01";"M0";"HKD100";"11.81537"
"2023-01";"M0";"KRW100";"0.07437 "
"2023-01";"M0";"MYR100";"21.3763 "
"2023-01";"M0";"NZD1  ";"0.5913  "
"2023-01";"M0";"SGD1  ";"0.69731 "
"2023-01";"M0";"THB100";"2.78207 "
"2023-01";"M0";"XDR1  ";"1.24262 "
"2023-01";"M0";"USD3M ";"0.9152  "
"2023-01";"M0";"USD6M ";"0.9064  "
"2023-02";"M0";"EUR1  ";"0.99045 "
"2023-02";"M0";"GBP1  ";"1.11787 "
"2023-02";"M0";"DKK100";"13.30322"
"2023-02";"M0";"NOK100";"9.04817 "
"2023-02";"M0";"CZK100";"4.17426 "
"2023-02";"M0";"HUF100";"0.25737 "
"2023-02";"M0";"PLN100";"20.88237"
"2023-02";"M0";"RUB1  ";"0.01261 "
"2023-02";"M0";"SEK100";"8.86279 "
"2023-02";"M0";"TRY100";"4.90303 "
"2023-02";"M0";"USD1  ";"0.92427 "
"2023-02";"M0";"CAD1  ";"0.68785 "
"2023-02";"M0";"ARS1  ";"0.00483 "
"2023-02";"M0";"BRL100";"17.89159"
"2023-02";"M0";"MXN100";"4.96248 "
"2023-02";"M0";"ZAR1  ";"0.05164 "
"2023-02";"M0";"JPY100";"0.6958  "
"2023-02";"M0";"AUD1  ";"0.63852 "
"2023-02";"M0";"CNY100";"13.52017"
"2023-02";"M0";"HKD100";"11.77914"
"2023-02";"M0";"KRW100";"0.07243 "
"2023-02";"M0";"MYR100";"21.16146"
"2023-02";"M0";"NZD1  ";"0.58216 "
"2023-02";"M0";"SGD1  ";"0.69441 "
"2023-02";"M0";"THB100";"2.71518 "
"2023-02";"M0";"XDR1  ";"1.23844 "
"2023-02";"M0";"USD3M ";"0.9155  "
"2023-02";"M0";"USD6M ";"0.9066  "
"2023-03";"M0";"EUR1  ";"0.99051 "
"2023-03";"M0";"GBP1  ";"1.12331 "
"2023-03";"M0";"DKK100";"13.30277"
"2023-03";"M0";"NOK100";"8.78479 "
"2023-03";"M0";"CZK100";"4.18025 "
"2023-03";"M0";"HUF100";"0.25728 "
"2023-03";"M0";"PLN100";"21.11561"
"2023-03";"M0";"RUB1  ";"0.01213 "
"2023-03";"M0";"SEK100";"8.82636 "
"2023-03";"M0";"TRY100";"4.86973 "
"2023-03";"M0";"USD1  ";"0.92552 "
"2023-03";"M0";"CAD1  ";"0.67641 "
"2023-03";"M0";"ARS1  ";"0.00457 "
"2023-03";"M0";"BRL100";"17.76368"
"2023-03";"M0";"MXN100";"5.02742 "
"2023-03";"M0";"ZAR1  ";"0.0506  "
"2023-03";"M0";"JPY100";"0.69225 "
"2023-03";"M0";"AUD1  ";"0.61791 "
"2023-03";"M0";"CNY100";"13.41733"
"2023-03";"M0";"HKD100";"11.79177"
"2023-03";"M0";"KRW100";"0.07089 "
"2023-03";"M0";"MYR100";"20.72094"
"2023-03";"M0";"NZD1  ";"0.57444 "
"2023-03";"M0";"SGD1  ";"0.6902  "
"2023-03";"M0";"THB100";"2.68352 "
"2023-03";"M0";"XDR1  ";"1.23632 "
"2023-03";"M0";"USD3M ";"0.9159  "
"2023-03";"M0";"USD6M ";"0.9076  "
"2023-04";"M0";"EUR1  ";"0.98479 "
"2023-04";"M0";"GBP1  ";"1.11735 "
"2023-04";"M0";"DKK100";"13.21569"
"2023-04";"M0";"NOK100";"8.54636 "
"2023-04";"M0";"CZK100";"4.20058 "
"2023-04";"M0";"HUF100";"0.26199 "
"2023-04";"M0";"PLN100";"21.23988"
"2023-04";"M0";"RUB1  ";"0.01107 "
"2023-04";"M0";"SEK100";"8.68226 "
"2023-04";"M0";"TRY100";"4.63803 "
"2023-04";"M0";"USD1  ";"0.89768 "
"2023-04";"M0";"CAD1  ";"0.66574 "
"2023-04";"M0";"ARS1  ";"0.00416 "
"2023-04";"M0";"BRL100";"17.89625"
"2023-04";"M0";"MXN100";"4.96304 "
"2023-04";"M0";"ZAR1  ";"0.0494  "
"2023-04";"M0";"JPY100";"0.672   "
"2023-04";"M0";"AUD1  ";"0.60022 "
"2023-04";"M0";"CNY100";"13.0293 "
"2023-04";"M0";"HKD100";"11.43582"
"2023-04";"M0";"KRW100";"0.06788 "
"2023-04";"M0";"MYR100";"20.27909"
"2023-04";"M0";"NZD1  ";"0.55697 "
"2023-04";"M0";"SGD1  ";"0.67397 "
"2023-04";"M0";"THB100";"2.62203 "
"2023-04";"M0";"XDR1  ";"1.21172 "
"2023-04";"M0";"USD3M ";"0.8894  "
"2023-04";"M0";"USD6M ";"0.8815  "
"2023-05";"M0";"EUR1  ";"0.97533 "
"2023-05";"M0";"GBP1  ";"1.1199  "
"2023-05";"M0";"DKK100";"13.09446"
"2023-05";"M0";"NOK100";"8.3128  "
"2023-05";"M0";"CZK100";"4.13438 "
"2023-05";"M0";"HUF100";"0.26186 "
"2023-05";"M0";"PLN100";"21.50253"
"2023-05";"M0";"RUB1  ";"0.01136 "
"2023-05";"M0";"SEK100";"8.58591 "
"2023-05";"M0";"TRY100";"4.54068 "
"2023-05";"M0";"USD1  ";"0.89699 "
"2023-05";"M0";"CAD1  ";"0.66373 "
"2023-05";"M0";"ARS1  ";"0.00389 "
"2023-05";"M0";"BRL100";"18.02273"
"2023-05";"M0";"MXN100";"5.05497 "
"2023-05";"M0";"ZAR1  ";"0.0472  "
"2023-05";"M0";"JPY100";"0.6553  "
"2023-05";"M0";"AUD1  ";"0.59669 "
"2023-05";"M0";"CNY100";"12.84086"
"2023-05";"M0";"HKD100";"11.44547"
"2023-05";"M0";"KRW100";"0.06761 "
"2023-05";"M0";"MYR100";"19.86371"
"2023-05";"M0";"NZD1  ";"0.55788 "
"2023-05";"M0";"SGD1  ";"0.66999 "
"2023-05";"M0";"THB100";"2.62406 "
"2023-05";"M0";"XDR1  ";"1.20408 "
"2023-05";"M0";"USD3M ";"0.8879  "
"2023-05";"M0";"USD6M ";"0.8797  "
"2023-06";"M0";"EUR1  ";"0.97602 "
"2023-06";"M0";"GBP1  ";"1.13719 "
"2023-06";"M0";"DKK100";"13.10236"
"2023-06";"M0";"NOK100";"8.33852 "
"2023-06";"M0";"CZK100";"4.11796 "
"2023-06";"M0";"HUF100";"0.26329 "
"2023-06";"M0";"PLN100";"21.87033"
"2023-06";"M0";"RUB1  ";"0.01078 "
"2023-06";"M0";"SEK100";"8.36268 "
"2023-06";"M0";"TRY100";"3.81098 "
"2023-06";"M0";"USD1  ";"0.90083 "
"2023-06";"M0";"CAD1  ";"0.67764 "
"2023-06";"M0";"ARS1  ";"0.00363 "
"2023-06";"M0";"BRL100";"18.53437"
"2023-06";"M0";"MXN100";"5.21931 "
"2023-06";"M0";"ZAR1  ";"0.0481  "
"2023-06";"M0";"JPY100";"0.63779 "
"2023-06";"M0";"AUD1  ";"0.60452 "
"2023-06";"M0";"CNY100";"12.57606"
"2023-06";"M0";"HKD100";"11.50173"
"2023-06";"M0";"KRW100";"0.06948 "
"2023-06";"M0";"MYR100";"19.44907"
"2023-06";"M0";"NZD1  ";"0.55226 "
"2023-06";"M0";"SGD1  ";"0.66902 "
"2023-06";"M0";"THB100";"2.57994 "
"2023-06";"M0";"XDR1  ";"1.20113 "
"2023-06";"M0";"USD3M ";"0.892   "
"2023-06";"M0";"USD6M ";"0.8835  "
"2023-07";"M0";"EUR1  ";"0.9661  "
"2023-07";"M0";"GBP1  ";"1.12533 "
"2023-07";"M0";"DKK100";"12.96625"
"2023-07";"M0";"NOK100";"8.50804 "
"2023-07";"M0";"CZK100";"4.04406 "
"2023-07";"M0";"HUF100";"0.25497 "
"2023-07";"M0";"PLN100";"21.74485"
"2023-07";"M0";"RUB1  ";"0.00966 "
"2023-07";"M0";"SEK100";"8.30282 "
"2023-07";"M0";"TRY100";"3.29707 "
"2023-07";"M0";"USD1  ";"0.87398 "
"2023-07";"M0";"CAD1  ";"0.66112 "
"2023-07";"M0";"ARS1  ";"0.00329 "
"2023-07";"M0";"BRL100";"18.18351"
"2023-07";"M0";"MXN100";"5.16188 "
"2023-07";"M0";"ZAR1  ";"0.04803 "
"2023-07";"M0";"JPY100";"0.61949 "
"2023-07";"M0";"AUD1  ";"0.58847 "
"2023-07";"M0";"CNY100";"12.15522"
"2023-07";"M0";"HKD100";"11.18089"
"2023-07";"M0";"KRW100";"0.0681  "
"2023-07";"M0";"MYR100";"19.03768"
"2023-07";"M0";"NZD1  ";"0.54412 "
"2023-07";"M0";"SGD1  ";"0.65485 "
"2023-07";"M0";"THB100";"2.52524 "
"2023-07";"M0";"XDR1  ";"1.17381 "
"2023-07";"M0";"USD3M ";"0.8654  "
"2023-07";"M0";"USD6M ";"0.8564  "
"2023-08";"M0";"EUR1  ";"0.95835 "
"2023-08";"M0";"GBP1  ";"1.11603 "
"2023-08";"M0";"DKK100";"12.86015"
"2023-08";"M0";"NOK100";"8.38882 "
"2023-08";"M0";"CZK100";"3.97315 "
"2023-08";"M0";"HUF100";"0.24872 "
"2023-08";"M0";"PLN100";"21.47783"
"2023-08";"M0";"RUB1  ";"0.00919 "
"2023-08";"M0";"SEK100";"8.1092  "
"2023-08";"M0";"TRY100";"3.25731 "
"2023-08";"M0";"USD1  ";"0.87859 "
"2023-08";"M0";"CAD1  ";"0.65156 "
"2023-08";"M0";"ARS1  ";"0.00276 "
"2023-08";"M0";"BRL100";"17.91147"
"2023-08";"M0";"MXN100";"5.16954 "
"2023-08";"M0";"ZAR1  ";"0.04676 "
"2023-08";"M0";"JPY100";"0.60668 "
"2023-08";"M0";"AUD1  ";"0.56924 "
"2023-08";"M0";"CNY100";"12.10677"
"2023-08";"M0";"HKD100";"11.22558"
"2023-08";"M0";"KRW100";"0.06638 "
"2023-08";"M0";"MYR100";"19.03935"
"2023-08";"M0";"NZD1  ";"0.52617 "
"2023-08";"M0";"SGD1  ";"0.65007 "
"2023-08";"M0";"THB100";"2.50709 "
"2023-08";"M0";"XDR1  ";"1.17098 "
"2023-08";"M0";"USD3M ";"0.8698  "
"2023-08";"M0";"USD6M ";"0.8606  "
"2023-09";"M0";"EUR1  ";"0.95969 "
"2023-09";"M0";"GBP1  ";"1.11365 "
"2023-09";"M0";"DKK100";"12.87107"
"2023-09";"M0";"NOK100";"8.3766  "
"2023-09";"M0";"CZK100";"3.93741 "
"2023-09";"M0";"HUF100";"0.24833 "
"2023-09";"M0";"PLN100";"20.87711"
"2023-09";"M0";"RUB1  ";"0.00929 "
"2023-09";"M0";"SEK100";"8.10249 "
"2023-09";"M0";"TRY100";"3.32477 "
"2023-09";"M0";"USD1  ";"0.89823 "
"2023-09";"M0";"CAD1  ";"0.66347 "
"2023-09";"M0";"ARS1  ";"0.00257 "
"2023-09";"M0";"BRL100";"18.17607"
"2023-09";"M0";"MXN100";"5.1918  "
"2023-09";"M0";"ZAR1  ";"0.04734 "
"2023-09";"M0";"JPY100";"0.60817 "
"2023-09";"M0";"AUD1  ";"0.57701 "
"2023-09";"M0";"CNY100";"12.30869"
"2023-09";"M0";"HKD100";"11.47406"
"2023-09";"M0";"KRW100";"0.06735 "
"2023-09";"M0";"MYR100";"19.18531"
"2023-09";"M0";"NZD1  ";"0.5326  "
"2023-09";"M0";"SGD1  ";"0.65892 "
"2023-09";"M0";"THB100";"2.50546 "
"2023-09";"M0";"XDR1  ";"1.18616 "
"2023-09";"M0";"USD3M ";"0.8895  "
"2023-09";"M0";"USD6M ";"0.8803  "
"2023-10";"M0";"EUR1  ";"0.95518 "
"2023-10";"M0";"GBP1  ";"1.10018 "
"2023-10";"M0";"DKK100";"12.80336"
"2023-10";"M0";"NOK100";"8.22272 "
"2023-10";"M0";"CZK100";"3.88537 "
"2023-10";"M0";"HUF100";"0.24786 "
"2023-10";"M0";"PLN100";"21.16628"
"2023-10";"M0";"RUB1  ";"0.00934 "
"2023-10";"M0";"SEK100";"8.20288 "
"2023-10";"M0";"TRY100";"3.24237 "
"2023-10";"M0";"USD1  ";"0.90385 "
"2023-10";"M0";"CAD1  ";"0.65986 "
"2023-10";"M0";"ARS1  ";"0.00258 "
"2023-10";"M0";"BRL100";"17.8534 "
"2023-10";"M0";"MXN100";"5.00761 "
"2023-10";"M0";"ZAR1  ";"0.04743 "
"2023-10";"M0";"JPY100";"0.60428 "
"2023-10";"M0";"AUD1  ";"0.57427 "
"2023-10";"M0";"CNY100";"12.36889"
"2023-10";"M0";"HKD100";"11.55126"
"2023-10";"M0";"KRW100";"0.06687 "
"2023-10";"M0";"MYR100";"19.03957"
"2023-10";"M0";"NZD1  ";"0.53332 "
"2023-10";"M0";"SGD1  ";"0.66025 "
"2023-10";"M0";"THB100";"2.47618 "
"2023-10";"M0";"XDR1  ";"1.1857  "
"2023-10";"M0";"USD3M ";"0.8945  "
"2023-10";"M0";"USD6M ";"0.8855  "
"2023-11";"M0";"EUR1  ";"0.96324 "
"2023-11";"M0";"GBP1  ";"1.10675 "
"2023-11";"M0";"DKK100";"12.91541"
"2023-11";"M0";"NOK100";"8.16249 "
"2023-11";"M0";"CZK100";"3.93438 "
"2023-11";"M0";"HUF100";"0.25408 "
"2023-11";"M0";"PLN100";"21.88145"
"2023-11";"M0";"RUB1  ";"0.00987 "
"2023-11";"M0";"SEK100";"8.33915 "
"2023-11";"M0";"TRY100";"3.11173 "
"2023-11";"M0";"USD1  ";"0.8918  "
"2023-11";"M0";"CAD1  ";"0.64981 "
"2023-11";"M0";"ARS1  ";"0.00253 "
"2023-11";"M0";"BRL100";"18.17612"
"2023-11";"M0";"MXN100";"5.12372 "
"2023-11";"M0";"ZAR1  ";"0.04808 "
"2023-11";"M0";"JPY100";"0.59514 "
"2023-11";"M0";"AUD1  ";"0.57891 "
"2023-11";"M0";"CNY100";"12.33963"
"2023-11";"M0";"HKD100";"11.42279"
"2023-11";"M0";"KRW100";"0.06819 "
"2023-11";"M0";"MYR100";"19.01988"
"2023-11";"M0";"NZD1  ";"0.53409 "
"2023-11";"M0";"SGD1  ";"0.66104 "
"2023-11";"M0";"THB100";"2.51409 "
"2023-11";"M0";"XDR1  ";"1.17952 "
"2023-11";"M0";"USD3M ";"0.8828  "
"2023-11";"M0";"USD6M ";"0.8742  "
"2023-12";"M0";"EUR1  ";"0.94415 "
"2023-12";"M0";"GBP1  ";"1.09558 "
"2023-12";"M0";"DKK100";"12.66354"
"2023-12";"M0";"NOK100";"8.1897  "
"2023-12";"M0";"CZK100";"3.85846 "
"2023-12";"M0";"HUF100";"0.24733 "
"2023-12";"M0";"PLN100";"21.79434"
"2023-12";"M0";"RUB1  ";"0.00952 "
"2023-12";"M0";"SEK100";"8.42523 "
"2023-12";"M0";"TRY100";"2.97656 "
"2023-12";"M0";"USD1  ";"0.86603 "
"2023-12";"M0";"CAD1  ";"0.64442 "
"2023-12";"M0";"ARS1  ";"0.0017  "
"2023-12";"M0";"BRL100";"17.66104"
"2023-12";"M0";"MXN100";"5.03243 "
"2023-12";"M0";"ZAR1  ";"0.04646 "
"2023-12";"M0";"JPY100";"0.60067 "
"2023-12";"M0";"AUD1  ";"0.57869 "
"2023-12";"M0";"CNY100";"12.12405"
"2023-12";"M0";"HKD100";"11.08977"
"2023-12";"M0";"KRW100";"0.06636 "
"2023-12";"M0";"MYR100";"18.57613"
"2023-12";"M0";"NZD1  ";"0.53796 "
"2023-12";"M0";"SGD1  ";"0.64977 "
"2023-12";"M0";"THB100";"2.47366 "
"2023-12";"M0";"XDR1  ";"1.1544  "
"2023-12";"M0";"USD3M ";"0.8567  "
"2023-12";"M0";"USD6M ";"0.8485  "
"2024-01";"M0";"EUR1  ";"0.93645 "
"2024-01";"M0";"GBP1  ";"1.0911  "
"2024-01";"M0";"DKK100";"12.55771"
"2024-01";"M0";"NOK100";"8.2532  "
"2024-01";"M0";"CZK100";"3.7888  "
"2024-01";"M0";"HUF100";"0.24508 "
"2024-01";"M0";"PLN100";"21.44783"
"2024-01";"M0";"RUB1  ";"0.00963 "
"2024-01";"M0";"SEK100";"8.29486 "
"2024-01";"M0";"TRY100";"2.85205 "
"2024-01";"M0";"USD1  ";"0.85893 "
"2024-01";"M0";"CAD1  ";"0.64004 "
"2024-01";"M0";"ARS1  ";"0.00105 "
"2024-01";"M0";"BRL100";"17.47957"
"2024-01";"M0";"MXN100";"5.02927 "
"2024-01";"M0";"ZAR1  ";"0.04566 "
"2024-01";"M0";"JPY100";"0.58702 "
"2024-01";"M0";"AUD1  ";"0.57019 "
"2024-01";"M0";"CNY100";"11.97519"
"2024-01";"M0";"HKD100";"10.98783"
"2024-01";"M0";"KRW100";"0.06473 "
"2024-01";"M0";"MYR100";"18.30878"
"2024-01";"M0";"NZD1  ";"0.53002 "
"2024-01";"M0";"SGD1  ";"0.64281 "
"2024-01";"M0";"THB100";"2.43661 "
"2024-01";"M0";"XDR1  ";"1.14366 "
"2024-01";"M0";"USD3M ";"0.8494  "
"2024-01";"M0";"USD6M ";"0.8417  "
"2024-02";"M0";"EUR1  ";"0.946   "
"2024-02";"M0";"GBP1  ";"1.10711 "
"2024-02";"M0";"DKK100";"12.68899"
"2024-02";"M0";"NOK100";"8.30688 "
"2024-02";"M0";"CZK100";"3.74971 "
"2024-02";"M0";"HUF100";"0.24375 "
"2024-02";"M0";"PLN100";"21.86062"
"2024-02";"M0";"RUB1  ";"0.00955 "
"2024-02";"M0";"SEK100";"8.40986 "
"2024-02";"M0";"TRY100";"2.84515 "
"2024-02";"M0";"USD1  ";"0.87667 "
"2024-02";"M0";"CAD1  ";"0.64976 "
"2024-02";"M0";"ARS1  ";"0.00105 "
"2024-02";"M0";"BRL100";"17.66882"
"2024-02";"M0";"MXN100";"5.12924 "
"2024-02";"M0";"ZAR1  ";"0.04611 "
"2024-02";"M0";"JPY100";"0.58649 "
"2024-02";"M0";"AUD1  ";"0.57223 "
"2024-02";"M0";"CNY100";"12.18672"
"2024-02";"M0";"HKD100";"11.20811"
"2024-02";"M0";"KRW100";"0.06584 "
"2024-02";"M0";"MYR100";"18.38726"
"2024-02";"M0";"NZD1  ";"0.53695 "
"2024-02";"M0";"SGD1  ";"0.65197 "
"2024-02";"M0";"THB100";"2.44528 "
"2024-02";"M0";"XDR1  ";"1.16334 "
"2024-02";"M0";"USD3M ";"0.8681  "
"2024-02";"M0";"USD6M ";"0.8598  "
"2024-03";"M0";"EUR1  ";"0.96527 "
"2024-03";"M0";"GBP1  ";"1.12857 "
"2024-03";"M0";"DKK100";"12.94548"
"2024-03";"M0";"NOK100";"8.38177 "
"2024-03";"M0";"CZK100";"3.81642 "
"2024-03";"M0";"HUF100";"0.24429 "
"2024-03";"M0";"PLN100";"22.40791"
"2024-03";"M0";"RUB1  ";"0.00968 "
"2024-03";"M0";"SEK100";"8.54012 "
"2024-03";"M0";"TRY100";"2.77122 "
"2024-03";"M0";"USD1  ";"0.8879  "
"2024-03";"M0";"CAD1  ";"0.65566 "
"2024-03";"M0";"ARS1  ";"0.00105 "
"2024-03";"M0";"BRL100";"17.8384 "
"2024-03";"M0";"MXN100";"5.28545 "
"2024-03";"M0";"ZAR1  ";"0.04708 "
"2024-03";"M0";"JPY100";"0.59308 "
"2024-03";"M0";"AUD1  ";"0.58202 "
"2024-03";"M0";"CNY100";"12.32845"
"2024-03";"M0";"HKD100";"11.3506 "
"2024-03";"M0";"KRW100";"0.06671 "
"2024-03";"M0";"MYR100";"18.8261 "
"2024-03";"M0";"NZD1  ";"0.54028 "
"2024-03";"M0";"SGD1  ";"0.6624  "
"2024-03";"M0";"THB100";"2.47106 "
"2024-03";"M0";"XDR1  ";"1.18159 "
"2024-03";"M0";"USD3M ";"0.8796  "
"2024-03";"M0";"USD6M ";"0.8709  "
"2024-04";"M0";"EUR1  ";"0.97598 "
"2024-04";"M0";"GBP1  ";"1.13956 "
"2024-04";"M0";"DKK100";"13.08354"
"2024-04";"M0";"NOK100";"8.35451 "
"2024-04";"M0";"CZK100";"3.86082 "
"2024-04";"M0";"HUF100";"0.24865 "
"2024-04";"M0";"PLN100";"22.68381"
"2024-04";"M0";"RUB1  ";"0.00977 "
"2024-04";"M0";"SEK100";"8.4224  "
"2024-04";"M0";"TRY100";"2.81272 "
"2024-04";"M0";"USD1  ";"0.90975 "
"2024-04";"M0";"CAD1  ";"0.66565 "
"2024-04";"M0";"ARS1  ";"0.00105 "
"2024-04";"M0";"BRL100";"17.75941"
"2024-04";"M0";"MXN100";"5.42064 "
"2024-04";"M0";"ZAR1  ";"0.04821 "
"2024-04";"M0";"JPY100";"0.59156 "
"2024-04";"M0";"AUD1  ";"0.59254 "
"2024-04";"M0";"CNY100";"12.56652"
"2024-04";"M0";"HKD100";"11.61756"
"2024-04";"M0";"KRW100";"0.06645 "
"2024-04";"M0";"MYR100";"19.0796 "
"2024-04";"M0";"NZD1  ";"0.5424  "
"2024-04";"M0";"SGD1  ";"0.67066 "
"2024-04";"M0";"THB100";"2.47412 "
"2024-04";"M0";"XDR1  ";"1.20062 "
"2024-04";"M0";"USD3M ";"0.9     "
"2024-04";"M0";"USD6M ";"0.8906  "
"2024-05";"M0";"EUR1  ";"0.9828  "
"2024-05";"M0";"GBP1  ";"1.14898 "
"2024-05";"M0";"DKK100";"13.17365"
"2024-05";"M0";"NOK100";"8.47458 "
"2024-05";"M0";"CZK100";"3.9596  "
"2024-05";"M0";"HUF100";"0.25376 "
"2024-05";"M0";"PLN100";"22.94823"
"2024-05";"M0";"RUB1  ";"0.01002 "
"2024-05";"M0";"SEK100";"8.45885 "
"2024-05";"M0";"TRY100";"2.81851 "
"2024-05";"M0";"USD1  ";"0.90912 "
"2024-05";"M0";"CAD1  ";"0.665   "
"2024-05";"M0";"ARS1  ";"0.00103 "
"2024-05";"M0";"BRL100";"17.6874 "
"2024-05";"M0";"MXN100";"5.41322 "
"2024-05";"M0";"ZAR1  ";"0.04935 "
"2024-05";"M0";"JPY100";"0.58319 "
"2024-05";"M0";"AUD1  ";"0.60223 "
"2024-05";"M0";"CNY100";"12.56685"
"2024-05";"M0";"HKD100";"11.63808"
"2024-05";"M0";"KRW100";"0.06661 "
"2024-05";"M0";"MYR100";"19.27862"
"2024-05";"M0";"NZD1  ";"0.5517  "
"2024-05";"M0";"SGD1  ";"0.67294 "
"2024-05";"M0";"THB100";"2.48133 "
"2024-05";"M0";"XDR1  ";"1.20179 "
"2024-05";"M0";"USD3M ";"0.9001  "
"2024-05";"M0";"USD6M ";"0.8908  "
"2024-06";"M0";"EUR1  ";"0.9619  "
"2024-06";"M0";"GBP1  ";"1.13646 "
"2024-06";"M0";"DKK100";"12.89532"
"2024-06";"M0";"NOK100";"8.42565 "
"2024-06";"M0";"CZK100";"3.88326 "
"2024-06";"M0";"HUF100";"0.24384 "
"2024-06";"M0";"PLN100";"22.26512"
"2024-06";"M0";"RUB1  ";"0.01019 "
"2024-06";"M0";"SEK100";"8.52495 "
"2024-06";"M0";"TRY100";"2.74282 "
"2024-06";"M0";"USD1  ";"0.89391 "
"2024-06";"M0";"CAD1  ";"0.65205 "
"2024-06";"M0";"ARS1  ";"0.00099 "
"2024-06";"M0";"BRL100";"16.62053"
"2024-06";"M0";"MXN100";"4.91336 "
"2024-06";"M0";"ZAR1  ";"0.04857 "
"2024-06";"M0";"JPY100";"0.56619 "
"2024-06";"M0";"AUD1  ";"0.59373 "
"2024-06";"M0";"CNY100";"12.32098"
"2024-06";"M0";"HKD100";"11.44657"
"2024-06";"M0";"KRW100";"0.06481 "
"2024-06";"M0";"MYR100";"18.97707"
"2024-06";"M0";"NZD1  ";"0.54843 "
"2024-06";"M0";"SGD1  ";"0.66122 "
"2024-06";"M0";"THB100";"2.43506 "
"2024-06";"M0";"XDR1  ";"1.179   "
"2024-06";"M0";"USD3M ";"0.8843  "
"2024-06";"M0";"USD6M ";"0.8751  "
"2024-07";"M0";"EUR1  ";"0.96782 "
"2024-07";"M0";"GBP1  ";"1.14718 "
"2024-07";"M0";"DKK100";"12.97271"
"2024-07";"M0";"NOK100";"8.27054 "
"2024-07";"M0";"CZK100";"3.82691 "
"2024-07";"M0";"HUF100";"0.24645 "
"2024-07";"M0";"PLN100";"22.60184"
"2024-07";"M0";"RUB1  ";"0.01021 "
"2024-07";"M0";"SEK100";"8.39229 "
"2024-07";"M0";"TRY100";"2.71117 "
"2024-07";"M0";"USD1  ";"0.89244 "
"2024-07";"M0";"CAD1  ";"0.65102 "
"2024-07";"M0";"ARS1  ";"0.00097 "
"2024-07";"M0";"BRL100";"16.10825"
"2024-07";"M0";"MXN100";"4.92697 "
"2024-07";"M0";"ZAR1  ";"0.04894 "
"2024-07";"M0";"JPY100";"0.56548 "
"2024-07";"M0";"AUD1  ";"0.59562 "
"2024-07";"M0";"CNY100";"12.28777"
"2024-07";"M0";"HKD100";"11.4281 "
"2024-07";"M0";"KRW100";"0.06452 "
"2024-07";"M0";"MYR100";"19.07512"
"2024-07";"M0";"NZD1  ";"0.53837 "
"2024-07";"M0";"SGD1  ";"0.66276 "
"2024-07";"M0";"THB100";"2.46096 "
"2024-07";"M0";"XDR1  ";"1.18021 "
"2024-07";"M0";"USD3M ";"0.8827  "
"2024-07";"M0";"USD6M ";"0.8732  "
"2024-08";"M0";"EUR1  ";"0.94494 "
"2024-08";"M0";"GBP1  ";"1.10943 "
"2024-08";"M0";"DKK100";"12.66426"
"2024-08";"M0";"NOK100";"8.01461 "
"2024-08";"M0";"CZK100";"3.75497 "
"2024-08";"M0";"HUF100";"0.23933 "
"2024-08";"M0";"PLN100";"22.01625"
"2024-08";"M0";"RUB1  ";"0.00958 "
"2024-08";"M0";"SEK100";"8.25208 "
"2024-08";"M0";"TRY100";"2.54181 "
"2024-08";"M0";"USD1  ";"0.85732 "
"2024-08";"M0";"CAD1  ";"0.62763 "
"2024-08";"M0";"ARS1  ";"0.00091 "
"2024-08";"M0";"BRL100";"15.44905"
"2024-08";"M0";"MXN100";"4.47658 "
"2024-08";"M0";"ZAR1  ";"0.04754 "
"2024-08";"M0";"JPY100";"0.58674 "
"2024-08";"M0";"AUD1  ";"0.57081 "
"2024-08";"M0";"CNY100";"11.99358"
"2024-08";"M0";"HKD100";"10.99883"
"2024-08";"M0";"KRW100";"0.06345 "
"2024-08";"M0";"MYR100";"19.45343"
"2024-08";"M0";"NZD1  ";"0.5217  "
"2024-08";"M0";"SGD1  ";"0.65198 "
"2024-08";"M0";"THB100";"2.46884 "
"2024-08";"M0";"XDR1  ";"1.15054 "
"2024-08";"M0";"USD3M ";"0.8488  "
"2024-08";"M0";"USD6M ";"0.8404  "
"2024-09";"M0";"EUR1  ";"0.94101 "
"2024-09";"M0";"GBP1  ";"1.11956 "
"2024-09";"M0";"DKK100";"12.61399"
"2024-09";"M0";"NOK100";"7.98581 "
"2024-09";"M0";"CZK100";"3.74907 "
"2024-09";"M0";"HUF100";"0.23828 "
"2024-09";"M0";"PLN100";"21.99999"
"2024-09";"M0";"RUB1  ";"0.00926 "
"2024-09";"M0";"SEK100";"8.28394 "
"2024-09";"M0";"TRY100";"2.48702 "
"2024-09";"M0";"USD1  ";"0.84719 "
"2024-09";"M0";"CAD1  ";"0.6258  "
"2024-09";"M0";"ARS1  ";"0.00088 "
"2024-09";"M0";"BRL100";"15.27289"
"2024-09";"M0";"MXN100";"4.32247 "
"2024-09";"M0";"ZAR1  ";"0.0481  "
"2024-09";"M0";"JPY100";"0.59182 "
"2024-09";"M0";"AUD1  ";"0.57361 "
"2024-09";"M0";"CNY100";"11.96862"
"2024-09";"M0";"HKD100";"10.87318"
"2024-09";"M0";"KRW100";"0.06362 "
"2024-09";"M0";"MYR100";"19.87728"
"2024-09";"M0";"NZD1  ";"0.52716 "
"2024-09";"M0";"SGD1  ";"0.65357 "
"2024-09";"M0";"THB100";"2.54235 "
"2024-09";"M0";"XDR1  ";"1.14415 "
"2024-09";"M0";"USD3M ";"0.8384  "
"2024-09";"M0";"USD6M ";"0.8309  "
"2024-10";"M0";"EUR1  ";"0.93867 "
"2024-10";"M0";"GBP1  ";"1.12372 "
"2024-10";"M0";"DKK100";"12.58383"
"2024-10";"M0";"NOK100";"7.95869 "
"2024-10";"M0";"CZK100";"3.71029 "
"2024-10";"M0";"HUF100";"0.23367 "
"2024-10";"M0";"PLN100";"21.74647"
"2024-10";"M0";"RUB1  ";"0.00892 "
"2024-10";"M0";"SEK100";"8.23001 "
"2024-10";"M0";"TRY100";"2.51244 "
"2024-10";"M0";"USD1  ";"0.86059 "
"2024-10";"M0";"CAD1  ";"0.62595 "
"2024-10";"M0";"ARS1  ";"0.00088 "
"2024-10";"M0";"BRL100";"15.34413"
"2024-10";"M0";"MXN100";"4.37229 "
"2024-10";"M0";"ZAR1  ";"0.049   "
"2024-10";"M0";"JPY100";"0.57536 "
"2024-10";"M0";"AUD1  ";"0.5775  "
"2024-10";"M0";"CNY100";"12.14234"
"2024-10";"M0";"HKD100";"11.07543"
"2024-10";"M0";"KRW100";"0.06323 "
"2024-10";"M0";"MYR100";"20.01728"
"2024-10";"M0";"NZD1  ";"0.52375 "
"2024-10";"M0";"SGD1  ";"0.65711 "
"2024-10";"M0";"THB100";"2.57707 "
"2024-10";"M0";"XDR1  ";"1.15022 "
"2024-10";"M0";"USD3M ";"0.8517  "
"2024-10";"M0";"USD6M ";"0.8437  "
"2024-11";"M0";"EUR1  ";"0.9354  "
"2024-11";"M0";"GBP1  ";"1.12169 "
"2024-11";"M0";"DKK100";"12.54173"
"2024-11";"M0";"NOK100";"7.96342 "
"2024-11";"M0";"CZK100";"3.6963  "
"2024-11";"M0";"HUF100";"0.22843 "
"2024-11";"M0";"PLN100";"21.57432"
"2024-11";"M0";"RUB1  ";"0.00872 "
"2024-11";"M0";"SEK100";"8.07525 "
"2024-11";"M0";"TRY100";"2.5544  "
"2024-11";"M0";"USD1  ";"0.88034 "
"2024-11";"M0";"CAD1  ";"0.62994 "
"2024-11";"M0";"ARS1  ";"0.00088 "
"2024-11";"M0";"BRL100";"15.1956 "
"2024-11";"M0";"MXN100";"4.32976 "
"2024-11";"M0";"ZAR1  ";"0.04911 "
"2024-11";"M0";"JPY100";"0.57306 "
"2024-11";"M0";"AUD1  ";"0.57504 "
"2024-11";"M0";"CNY100";"12.21271"
"2024-11";"M0";"HKD100";"11.31575"
"2024-11";"M0";"KRW100";"0.06311 "
"2024-11";"M0";"MYR100";"19.84594"
"2024-11";"M0";"NZD1  ";"0.52062 "
"2024-11";"M0";"SGD1  ";"0.65852 "
"2024-11";"M0";"THB100";"2.55552 "
"2024-11";"M0";"XDR1  ";"1.1607  "
"2024-11";"M0";"USD3M ";"0.8711  "
"2024-11";"M0";"USD6M ";"0.8624  "
"2024-12";"M0";"EUR1  ";"0.93383 "
"2024-12";"M0";"GBP1  ";"1.12782 "
"2024-12";"M0";"DKK100";"12.52015"
"2024-12";"M0";"NOK100";"7.95615 "
"2024-12";"M0";"CZK100";"3.71591 "
"2024-12";"M0";"HUF100";"0.22677 "
"2024-12";"M0";"PLN100";"21.86461"
"2024-12";"M0";"RUB1  ";"0.00861 "
"2024-12";"M0";"SEK100";"8.1154  "
"2024-12";"M0";"TRY100";"2.54723 "
"2024-12";"M0";"USD1  ";"0.89113 "
"2024-12";"M0";"CAD1  ";"0.62614 "
"2024-12";"M0";"ARS1  ";"0.00088 "
"2024-12";"M0";"BRL100";"14.6259 "
"2024-12";"M0";"MXN100";"4.39728 "
"2024-12";"M0";"ZAR1  ";"0.04904 "
"2024-12";"M0";"JPY100";"0.57998 "
"2024-12";"M0";"AUD1  ";"0.56522 "
"2024-12";"M0";"CNY100";"12.23695"
"2024-12";"M0";"HKD100";"11.46391"
"2024-12";"M0";"KRW100";"0.06197 "
"2024-12";"M0";"MYR100";"19.98138"
"2024-12";"M0";"NZD1  ";"0.51296 "
"2024-12";"M0";"SGD1  ";"0.66009 "
"2024-12";"M0";"THB100";"2.60849 "
"2024-12";"M0";"XDR1  ";"1.16838 "
"2024-12";"M0";"USD3M ";"0.8827  "
"2024-12";"M0";"USD6M ";"0.8734  "
"2025-01";"M0";"EUR1  ";"0.94162 "
"2025-01";"M0";"GBP1  ";"1.12201 "
"2025-01";"M0";"DKK100";"12.62055"
"2025-01";"M0";"NOK100";"8.01414 "
"2025-01";"M0";"CZK100";"3.74265 "
"2025-01";"M0";"HUF100";"0.22862 "
"2025-01";"M0";"PLN100";"22.17575"
"2025-01";"M0";"RUB1  ";"0.00895 "
"2025-01";"M0";"SEK100";"8.2002  "
"2025-01";"M0";"TRY100";"2.55688 "
"2025-01";"M0";"USD1  ";"0.90933 "
"2025-01";"M0";"CAD1  ";"0.63189 "
"2025-01";"M0";"ARS1  ";"0.00087 "
"2025-01";"M0";"BRL100";"15.1065 "
"2025-01";"M0";"MXN100";"4.42126 "
"2025-01";"M0";"ZAR1  ";"0.04856 "
"2025-01";"M0";"JPY100";"0.58142 "
"2025-01";"M0";"AUD1  ";"0.56641 "
"2025-01";"M0";"CNY100";"12.45953"
"2025-01";"M0";"HKD100";"11.67982"
"2025-01";"M0";"KRW100";"0.06263 "
"2025-01";"M0";"MYR100";"20.36653"
"2025-01";"M0";"NZD1  ";"0.51208 "
"2025-01";"M0";"SGD1  ";"0.66813 "
"2025-01";"M0";"THB100";"2.65448 "
"2025-01";"M0";"XDR1  ";"1.18247 "
"2025-01";"M0";"USD3M ";"0.8996  "
"2025-01";"M0";"USD6M ";"0.8902  "
"2025-02";"M0";"EUR1  ";"0.94114 "
"2025-02";"M0";"GBP1  ";"1.13291 "
"2025-02";"M0";"DKK100";"12.61708"
"2025-02";"M0";"NOK100";"8.0731  "
"2025-02";"M0";"CZK100";"3.75307 "
"2025-02";"M0";"HUF100";"0.23344 "
"2025-02";"M0";"PLN100";"22.55001"
"2025-02";"M0";"RUB1  ";"0.00982 "
"2025-02";"M0";"SEK100";"8.36523 "
"2025-02";"M0";"TRY100";"2.49694 "
"2025-02";"M0";"USD1  ";"0.90396 "
"2025-02";"M0";"CAD1  ";"0.632   "
"2025-02";"M0";"ARS1  ";"0.00085 "
"2025-02";"M0";"BRL100";"15.68208"
"2025-02";"M0";"MXN100";"4.4123  "
"2025-02";"M0";"ZAR1  ";"0.04889 "
"2025-02";"M0";"JPY100";"0.59539 "
"2025-02";"M0";"AUD1  ";"0.56951 "
"2025-02";"M0";"CNY100";"12.42677"
"2025-02";"M0";"HKD100";"11.61589"
"2025-02";"M0";"KRW100";"0.06255 "
"2025-02";"M0";"MYR100";"20.34668"
"2025-02";"M0";"NZD1  ";"0.51338 "
"2025-02";"M0";"SGD1  ";"0.6712  "
"2025-02";"M0";"THB100";"2.67538 "
"2025-02";"M0";"XDR1  ";"1.18209 "
"2025-02";"M0";"USD3M ";"0.8945  "
"2025-02";"M0";"USD6M ";"0.885   "
"2025-03";"M0";"EUR1  ";"0.95488 "
"2025-03";"M0";"GBP1  ";"1.14062 "
"2025-03";"M0";"DKK100";"12.80071"
"2025-03";"M0";"NOK100";"8.26861 "
"2025-03";"M0";"CZK100";"3.81862 "
"2025-03";"M0";"HUF100";"0.23889 "
"2025-03";"M0";"PLN100";"22.8318 "
"2025-03";"M0";"RUB1  ";"0.01029 "
"2025-03";"M0";"SEK100";"8.708   "
"2025-03";"M0";"TRY100";"2.37529 "
"2025-03";"M0";"USD1  ";"0.88351 "
"2025-03";"M0";"CAD1  ";"0.61557 "
"2025-03";"M0";"ARS1  ";"0.00083 "
"2025-03";"M0";"BRL100";"15.32263"
"2025-03";"M0";"MXN100";"4.36776 "
"2025-03";"M0";"ZAR1  ";"0.04836 "
"2025-03";"M0";"JPY100";"0.59254 "
"2025-03";"M0";"AUD1  ";"0.5566  "
"2025-03";"M0";"CNY100";"12.18519"
"2025-03";"M0";"HKD100";"11.36625"
"2025-03";"M0";"KRW100";"0.06061 "
"2025-03";"M0";"MYR100";"19.92189"
"2025-03";"M0";"NZD1  ";"0.50581 "
"2025-03";"M0";"SGD1  ";"0.66125 "
"2025-03";"M0";"THB100";"2.61351 "
"2025-03";"M0";"XDR1  ";"1.17323 "
"2025-03";"M0";"USD3M ";"0.874   "
"2025-03";"M0";"USD6M ";"0.865   "
"2025-04";"M0";"EUR1  ";"0.93799 "
"2025-04";"M0";"GBP1  ";"1.09923 "
"2025-04";"M0";"DKK100";"12.56531"
"2025-04";"M0";"NOK100";"7.93362 "
"2025-04";"M0";"CZK100";"3.745   "
"2025-04";"M0";"HUF100";"0.23071 "
"2025-04";"M0";"PLN100";"21.99663"
"2025-04";"M0";"RUB1  ";"0.01003 "
"2025-04";"M0";"SEK100";"8.55182 "
"2025-04";"M0";"TRY100";"2.19389 "
"2025-04";"M0";"USD1  ";"0.83684 "
"2025-04";"M0";"CAD1  ";"0.59769 "
"2025-04";"M0";"ARS1  ";"0.00075 "
"2025-04";"M0";"BRL100";"14.4949 "
"2025-04";"M0";"MXN100";"4.16871 "
"2025-04";"M0";"ZAR1  ";"0.04428 "
"2025-04";"M0";"JPY100";"0.57933 "
"2025-04";"M0";"AUD1  ";"0.52599 "
"2025-04";"M0";"CNY100";"11.46118"
"2025-04";"M0";"HKD100";"10.77888"
"2025-04";"M0";"KRW100";"0.05797 "
"2025-04";"M0";"MYR100";"18.9478 "
"2025-04";"M0";"NZD1  ";"0.48727 "
"2025-04";"M0";"SGD1  ";"0.63166 "
"2025-04";"M0";"THB100";"2.47505 "
"2025-04";"M0";"XDR1  ";"1.12462 "
"2025-04";"M0";"USD3M ";"0.8254  "
"2025-04";"M0";"USD6M ";"0.8167  "
"2025-05";"M0";"EUR1  ";"0.93578 "
"2025-05";"M0";"GBP1  ";"1.10814 "
"2025-05";"M0";"DKK100";"12.54397"
"2025-05";"M0";"NOK100";"8.06451 "
"2025-05";"M0";"CZK100";"3.75546 "
"2025-05";"M0";"HUF100";"0.23168 "
"2025-05";"M0";"PLN100";"21.99494"
"2025-05";"M0";"RUB1  ";"0.01028 "
"2025-05";"M0";"SEK100";"8.59568 "
"2025-05";"M0";"TRY100";"2.13684 "
"2025-05";"M0";"USD1  ";"0.82921 "
"2025-05";"M0";"CAD1  ";"0.59794 "
"2025-05";"M0";"ARS1  ";"0.00072 "
"2025-05";"M0";"BRL100";"14.63379"
"2025-05";"M0";"MXN100";"4.26665 "
"2025-05";"M0";"ZAR1  ";"0.0458  "
"2025-05";"M0";"JPY100";"0.57335 "
"2025-05";"M0";"AUD1  ";"0.53417 "
"2025-05";"M0";"CNY100";"11.49497"
"2025-05";"M0";"HKD100";"10.62893"
"2025-05";"M0";"KRW100";"0.05963 "
"2025-05";"M0";"MYR100";"19.44773"
"2025-05";"M0";"NZD1  ";"0.49242 "
"2025-05";"M0";"SGD1  ";"0.6409  "
"2025-05";"M0";"THB100";"2.5179  "
"2025-05";"M0";"XDR1  ";"1.12173 "
"2025-05";"M0";"USD3M ";"0.8199  "
"2025-05";"M0";"USD6M ";"0.8106  "
"2025-06";"M0";"EUR1  ";"0.93766 "
"2025-06";"M0";"GBP1  ";"1.10318 "
"2025-06";"M0";"DKK100";"12.57   "
"2025-06";"M0";"NOK100";"8.09352 "
"2025-06";"M0";"CZK100";"3.78079 "
"2025-06";"M0";"HUF100";"0.23323 "
"2025-06";"M0";"PLN100";"21.98641"
"2025-06";"M0";"RUB1  ";"0.01033 "
"2025-06";"M0";"SEK100";"8.5199  "
"2025-06";"M0";"TRY100";"2.062   "
"2025-06";"M0";"USD1  ";"0.81376 "
"2025-06";"M0";"CAD1  ";"0.59489 "
"2025-06";"M0";"ARS1  ";"0.00069 "
"2025-06";"M0";"BRL100";"14.65737"
"2025-06";"M0";"MXN100";"4.27288 "
"2025-06";"M0";"ZAR1  ";"0.0456  "
"2025-06";"M0";"JPY100";"0.5633  "
"2025-06";"M0";"AUD1  ";"0.52878 "
"2025-06";"M0";"CNY100";"11.33098"
"2025-06";"M0";"HKD100";"10.36815"
"2025-06";"M0";"KRW100";"0.0596  "
"2025-06";"M0";"MYR100";"19.18247"
"2025-06";"M0";"NZD1  ";"0.49033 "
"2025-06";"M0";"SGD1  ";"0.63418 "
"2025-06";"M0";"THB100";"2.4959  "
"2025-06";"M0";"XDR1  ";"1.1109  "
"2025-06";"M0";"USD3M ";"0.8046  "
"2025-06";"M0";"USD6M ";"0.7956  "
"2025-07";"M0";"EUR1  ";"0.93245 "
"2025-07";"M0";"GBP1  ";"1.07794 "
"2025-07";"M0";"DKK100";"12.49525"
"2025-07";"M0";"NOK100";"7.86063 "
"2025-07";"M0";"CZK100";"3.78631 "
"2025-07";"M0";"HUF100";"0.23359 "
"2025-07";"M0";"PLN100";"21.91656"
"2025-07";"M0";"RUB1  ";"0.01011 "
"2025-07";"M0";"SEK100";"8.32884 "
"2025-07";"M0";"TRY100";"1.9824  "
"2025-07";"M0";"USD1  ";"0.79786 "
"2025-07";"M0";"CAD1  ";"0.58305 "
"2025-07";"M0";"ARS1  ";"0.00063 "
"2025-07";"M0";"BRL100";"14.44395"
"2025-07";"M0";"MXN100";"4.26807 "
"2025-07";"M0";"ZAR1  ";"0.04492 "
"2025-07";"M0";"JPY100";"0.54317 "
"2025-07";"M0";"AUD1  ";"0.52177 "
"2025-07";"M0";"CNY100";"11.12389"
"2025-07";"M0";"HKD100";"10.16417"
"2025-07";"M0";"KRW100";"0.05792 "
"2025-07";"M0";"MYR100";"18.83314"
"2025-07";"M0";"NZD1  ";"0.47869 "
"2025-07";"M0";"SGD1  ";"0.6229  "
"2025-07";"M0";"THB100";"2.45959 "
"2025-07";"M0";"XDR1  ";"1.09367 "
"2025-07";"M0";"USD3M ";"0.7887  "
"2025-07";"M0";"USD6M ";"0.7799  "
"2025-08";"M0";"EUR1  ";"0.93875 "
"2025-08";"M0";"GBP1  ";"1.08509 "
"2025-08";"M0";"DKK100";"12.57762"
"2025-08";"M0";"NOK100";"7.90953 "
"2025-08";"M0";"CZK100";"3.82938 "
"2025-08";"M0";"HUF100";"0.23683 "
"2025-08";"M0";"PLN100";"22.02424"
"2025-08";"M0";"RUB1  ";"0.01006 "
"2025-08";"M0";"SEK100";"8.41276 "
"2025-08";"M0";"TRY100";"1.97389 "
"2025-08";"M0";"USD1  ";"0.80649 "
"2025-08";"M0";"CAD1  ";"0.58429 "
"2025-08";"M0";"ARS1  ";"0.00061 "
"2025-08";"M0";"BRL100";"14.80997"
"2025-08";"M0";"MXN100";"4.31003 "
"2025-08";"M0";"ZAR1  ";"0.04555 "
"2025-08";"M0";"JPY100";"0.54669 "
"2025-08";"M0";"AUD1  ";"0.52363 "
"2025-08";"M0";"CNY100";"11.24384"
"2025-08";"M0";"HKD100";"10.30556"
"2025-08";"M0";"KRW100";"0.05804 "
"2025-08";"M0";"MYR100";"19.09008"
"2025-08";"M0";"NZD1  ";"0.47573 "
"2025-08";"M0";"SGD1  ";"0.6276  "
"2025-08";"M0";"THB100";"2.48664 "
"2025-08";"M0";"XDR1  ";"1.10101 "
"2025-08";"M0";"USD3M ";"0.7979  "
"2025-08";"M0";"USD6M ";"0.7894  "
"2025-09";"M0";"EUR1  ";"0.93483 "
"2025-09";"M0";"GBP1  ";"1.07581 "
"2025-09";"M0";"DKK100";"12.52379"
"2025-09";"M0";"NOK100";"8.01101 "
"2025-09";"M0";"CZK100";"3.83955 "
"2025-09";"M0";"HUF100";"0.23862 "
"2025-09";"M0";"PLN100";"21.94901"
"2025-09";"M0";"RUB1  ";"0.00962 "
"2025-09";"M0";"SEK100";"8.49996 "
"2025-09";"M0";"TRY100";"1.92697 "
"2025-09";"M0";"USD1  ";"0.79661 "
"2025-09";"M0";"CAD1  ";"0.57605 "
"2025-09";"M0";"ARS1  ";"0.00057 "
"2025-09";"M0";"BRL100";"14.82875"
"2025-09";"M0";"MXN100";"4.30615 "
"2025-09";"M0";"ZAR1  ";"0.04565 "
"2025-09";"M0";"JPY100";"0.53878 "
"2025-09";"M0";"AUD1  ";"0.52527 "
"2025-09";"M0";"CNY100";"11.18146"
"2025-09";"M0";"HKD100";"10.23243"
"2025-09";"M0";"KRW100";"0.05721 "
"2025-09";"M0";"MYR100";"18.90983"
"2025-09";"M0";"NZD1  ";"0.46888 "
"2025-09";"M0";"SGD1  ";"0.62009 "
"2025-09";"M0";"THB100";"2.48948 "
"2025-09";"M0";"XDR1  ";"1.09138 "
"2025-09";"M0";"USD3M ";"0.7881  "
"2025-09";"M0";"USD6M ";"0.7804  "
"2025-10";"M0";"EUR1  ";"0.92857 "
"2025-10";"M0";"GBP1  ";"1.0655  "
"2025-10";"M0";"DKK100";"12.43428"
"2025-10";"M0";"NOK100";"7.95535 "
"2025-10";"M0";"CZK100";"3.81913 "
"2025-10";"M0";"HUF100";"0.23808 "
"2025-10";"M0";"PLN100";"21.85281"
"2025-10";"M0";"RUB1  ";"0.00988 "
"2025-10";"M0";"SEK100";"8.46117 "
"2025-10";"M0";"TRY100";"1.90612 "
"2025-10";"M0";"USD1  ";"0.79772 "
"2025-10";"M0";"CAD1  ";"0.57011 "
"2025-10";"M0";"ARS1  ";"0.00056 "
"2025-10";"M0";"BRL100";"14.81056"
"2025-10";"M0";"MXN100";"4.32807 "
"2025-10";"M0";"ZAR1  ";"0.04615 "
"2025-10";"M0";"JPY100";"0.52708 "
"2025-10";"M0";"AUD1  ";"0.52197 "
"2025-10";"M0";"CNY100";"11.20319"
"2025-10";"M0";"HKD100";"10.26035"
"2025-10";"M0";"KRW100";"0.05605 "
"2025-10";"M0";"MYR100";"18.91929"
"2025-10";"M0";"NZD1  ";"0.45956 "
"2025-10";"M0";"SGD1  ";"0.6157  "
"2025-10";"M0";"THB100";"2.45007 "
"2025-10";"M0";"XDR1  ";"1.08857 "
"2025-10";"M0";"USD3M ";"0.7892  "
"2025-10";"M0";"USD6M ";"0.7819  "
"2025-11";"M0";"EUR1  ";"0.92887 "
"2025-11";"M0";"GBP1  ";"1.05529 "
"2025-11";"M0";"DKK100";"12.43825"
"2025-11";"M0";"NOK100";"7.91461 "
"2025-11";"M0";"CZK100";"3.83201 "
"2025-11";"M0";"HUF100";"0.24166 "
"2025-11";"M0";"PLN100";"21.91476"
"2025-11";"M0";"RUB1  ";"0.01002 "
"2025-11";"M0";"SEK100";"8.45338 "
"2025-11";"M0";"TRY100";"1.9004  "
"2025-11";"M0";"USD1  ";"0.80389 "
"2025-11";"M0";"CAD1  ";"0.57186 "
"2025-11";"M0";"ARS1  ";"0.00056 "
"2025-11";"M0";"BRL100";"15.04943"
"2025-11";"M0";"MXN100";"4.36225 "
"2025-11";"M0";"ZAR1  ";"0.04665 "
"2025-11";"M0";"JPY100";"0.51814 "
"2025-11";"M0";"AUD1  ";"0.52285 "
"2025-11";"M0";"CNY100";"11.30979"
"2025-11";"M0";"HKD100";"10.33568"
"2025-11";"M0";"KRW100";"0.05504 "
"2025-11";"M0";"MYR100";"19.35109"
"2025-11";"M0";"NZD1  ";"0.45456 "
"2025-11";"M0";"SGD1  ";"0.61691 "
"2025-11";"M0";"THB100";"2.48152 "
"2025-11";"M0";"XDR1  ";"1.09075 "
"2025-11";"M0";"USD3M ";"0.7954  "
"2025-11";"M0";"USD6M ";"0.7878  "
"2025-12";"M0";"EUR1  ";"0.93313 "
"2025-12";"M0";"GBP1  ";"1.0662  "
"2025-12";"M0";"DKK100";"12.4928 "
"2025-12";"M0";"NOK100";"7.88348 "
"2025-12";"M0";"CZK100";"3.84657 "
"2025-12";"M0";"HUF100";"0.24249 "
"2025-12";"M0";"PLN100";"22.08736"
"2025-12";"M0";"RUB1  ";"0.01016 "
"2025-12";"M0";"SEK100";"8.56667 "
"2025-12";"M0";"TRY100";"1.86747 "
"2025-12";"M0";"USD1  ";"0.79709 "
"2025-12";"M0";"CAD1  ";"0.5771  "
"2025-12";"M0";"ARS1  ";"0.00055 "
"2025-12";"M0";"BRL100";"14.63028"
"2025-12";"M0";"MXN100";"4.40691 "
"2025-12";"M0";"ZAR1  ";"0.0473  "
"2025-12";"M0";"JPY100";"0.5114  "
"2025-12";"M0";"AUD1  ";"0.52921 "
"2025-12";"M0";"CNY100";"11.31454"
"2025-12";"M0";"HKD100";"10.24324"
"2025-12";"M0";"KRW100";"0.05433 "
"2025-12";"M0";"MYR100";"19.47613"
"2025-12";"M0";"NZD1  ";"0.46092 "
"2025-12";"M0";"SGD1  ";"0.61719 "
"2025-12";"M0";"THB100";"2.52151 "
"2025-12";"M0";"XDR1  ";"1.08806 "
"2025-12";"M0";"USD3M ";"0.7884  "
"2025-12";"M0";"USD6M ";"0.781   "
