ticker,sector,region,last_price,predicted_price_target
,,,734166.496,747271.8162014995
,,,574.417,657.0879905000011
,,,115.498,125.39690400000019
,,,192.155,203.1952254999999
,,,938.552,1105.5802594999998
,,,51.485,56.88527699999996
,,,84.555,92.79698149999994
,,,158.88,168.59786799999992
,,,517.27,483.72331599999967
,,,203.884,200.56756450000003
,,,87.116,99.89145849999997
,,,565.698,582.8385225
,,,111.986,137.2394240000001
,,,578.159,695.9801415000003
,,,145.598,131.53037250000006
,,,24.649,31.677785499999974
,,,1126.414,1286.4400450000003
,,,589.286,689.1393535000002
,,,103.319,123.41312900000008
,,,1154.316,1080.8170880000005
,,,215.148,222.30245
,,,220.378,249.24791849999986
,,,24.585,29.044851000000005
,,,113.43,113.5091295
,,,220.416,260.90596800000014
,,,220.619,259.78758250000004
,,,463.819,507.8048620000002
,,,132.242,142.6920015
,,,175.642,187.73314799999977
,,,127.82,137.83695250000005
,,,170.066,172.39952799999995
,,,117.531,133.30620450000006
,,,128.118,142.7130245000001
,,,254.517,260.08371650000004
,,,131.38,150.86385600000003
,,,47.341,54.67102800000001
,,,109.887,121.47029250000006
,,,82.4,89.53602400000001
,,,123.483,152.6644965000001
,,,220.886,258.58334800000006
,,,233.024,235.932241
,,,69.385,69.38223649999998
,,,84.67,91.25312849999999
,,,242.34,277.4947324999998
,,,67.494,69.85782950000001
,,,954.648,1035.142998
,,,42.105,47.27038750000003
,,,195.54,198.94890950000004
,,,26.468,31.72502249999997
,,,414.956,444.0855489999999
,,,3665.81,5411.5590585
,,,218.345,261.0109120000001
,,,292.87,321.9671344999999
,,,155.445,164.390848
,,,134.659,142.017743
,,,50.638,56.243490499999965
,,,194.315,233.38635400000004
,,,88.896,103.20800500000007
,,,58.14,59.32631750000002
,,,221.681,269.912176
,,,164.325,173.20196249999992
,,,47.533,50.31855950000002
,,,68.355,77.69983599999998
,,,125.858,134.4563115000001
,,,148.548,175.78144999999984
,,,42.986,51.08419999999999
,,,294.74,320.3581145
,,,159.309,185.46605699999986
,,,624.84,665.2304620000006
,,,243.87,351.4924819999997
,,,77.915,87.35582549999998
,,,27.475,33.8554115
,,,186.946,211.4052594999999
,,,119.28,129.5223015000001
,,,2308.22,2701.6457844999986
,,,184.15,204.90200450000012
,,,22.795,28.41088349999999
,,,101.75,114.28347400000004
,,,124.675,141.47867099999993
,,,28.234,22.52911599999998
,,,80.38,91.31860749999998
,,,31.325,37.84699850000001
,,,23.252,25.762660999999998
,,,63.225,58.32341850000001
,,,91.894,93.4273070000001
,,,62.032,58.18172649999994
,,,6.27,7.925352999999993
,,,62.82,58.97252950000002
,,,70.357,99.03897049999996
,,,217.745,215.31924850000007
,,,187.594,212.67469600000013
,,,16.753,21.397248999999988
,,,72.3,69.70905850000007
,,,39.47,42.04990950000002
,,,147.514,154.2505965000001
,,,47.887,53.330165499999964
,,,238.927,250.10328549999988
,,,471.835,681.1405585000003
,,,62.948,73.11972949999999
,,,103.635,130.46370650000017
,,,190.845,205.48672650000003
,,,139.635,167.69957499999987
,,,155.42,168.28609049999986
,,,97.745,120.03096999999991
,,,167.61,212.26759650000008
,,,27.02,29.23058300000002
,,,430.432,453.37740850000023
,,,103.584,120.25084399999997
,,,186.825,209.55593399999998
,,,1762.26,2135.4602170000003
,,,38.417,50.070735499999984
,,,33.52,37.433108000000026
,,,57.338,67.72071499999997
,,,7664.775,7685.338009499989
,,,148.181,160.75359999999992
,,,36.848,43.658122000000006
,,,250.89,278.8933744999999
,,,55.579,64.96465699999995
,,,120.488,130.39889700000006
,,,86.788,95.42717500000006
,,,21.396,28.155330999999997
,,,34.747,40.49633450000001
,,,80.07,98.10848299999999
,,,8.155,10.175626499999996
,,,247.328,280.03104049999985
,,,209.152,223.53909000000007
,,,100.515,121.10079950000004
,,,230.12,245.35624750000002
,,,368.49,409.9631454999999
,,,198.678,196.12751949999992
,,,123.048,93.53413300000004
,,,345.224,365.2231194999999
,,,31.343,35.03244150000001
,,,261.885,290.36755
,,,131.82,138.94505800000013
,,,75.385,94.57787850000008
,,,110.278,132.4062520000001
,,,266.404,347.3023079999998
,,,33.725,38.259056999999956
,,,51.361,59.086774500000004
,,,165.774,169.8931409999999
,,,307.149,370.1498754999999
,,,256.05,290.23790599999955
,,,36.168,45.36554800000001
,,,86.42,78.35791749999999
,,,415.718,398.1445099999999
,,,69.31,68.63254799999999
,,,116.927,130.34962850000014
,,,111.385,134.49283350000005
,,,267.552,319.307642
,,,352.68,428.0387184999999
,,,10.645,14.548408999999998
,,,235.845,251.42494349999987
,,,18.615,21.235400999999996
,,,23.705,28.7373825
,,,156.8,161.2168465
,,,153.241,176.8926819999998
,,,66.615,71.6455225
,,,315.53,369.0898694999997
,,,40.65,43.75602999999998
,,,22.339,27.076310499999995
,,,117.11,130.3797215
,,,28.579,28.620989500000015
,,,22.614,25.269869000000014
,,,16.715,18.933313000000005
,,,194.39,227.84192249999992
,,,81.37,94.16831500000006
,,,242.795,279.00101649999993
,,,156.379,176.35025099999993
,,,96.13,112.20840700000002
,,,98.428,120.38114250000001
,,,167.031,177.06531899999985
,,,74.566,74.01449849999997
,,,293.995,325.9148584999999
,,,187.45,205.92051949999998
,,,48.805,50.989261500000005
,,,184.095,187.94711849999993
,,,53.292,61.38854749999994
,,,20.714,24.077001999999997
,,,15.408,15.210448999999983
,,,40.245,47.338889000000016
,,,53.278,67.04868149999994
,,,39.838,47.29674550000004
,,,77.002,77.2369425
,,,82.905,83.04108250000002
,,,60.122,58.512558999999975
,,,43.828,45.6080225
,,,189.984,196.02178800000004
,,,159.93,159.76834599999992
,,,216.634,272.1463864999999
,,,5.755,6.426404
,,,67.675,70.8870545
,,,155.874,204.07104949999993
,,,135.56,130.4935395000001
,,,27.521,33.79607799999999
,,,94.927,124.35056050000009
,,,20.659,26.6529085
,,,42.004,45.43457500000004
,,,30.275,42.555027000000024
,,,128.5,141.21315399999995
,,,71.439,78.98601
,,,137.72,198.50508999999994
,,,105.68,131.84268500000005
,,,26.81,28.187013000000007
,,,120.335,138.88000999999988
,,,74.24,90.65890050000003
,,,62.82,76.50061749999998
,,,37.62,50.12729799999995
,,,94.514,96.032693
,,,36.096,34.373036499999984
,,,149.11,189.15248000000008
,,,82.305,95.90199799999999
,,,32.92,32.588504
,,,18.575,22.07605449999999
,,,47.493,66.6436655
,,,97.395,111.49159949999995
,,,60.979,64.170332
,,,132.96,157.78492250000002
,,,22.075,26.695302999999996
,,,71.43,70.67525899999998
,,,129.745,136.01778200000007
,,,75.463,110.50419050000002
,,,18.685,18.306219500000008
,,,104.325,119.54359749999999
,,,35.8,59.24375599999994
,,,152.114,160.601357
,,,13.125,12.725521999999986
,,,22.91,23.992450000000005
,,,39.637,50.8814545
,,,82.62,80.08171149999995
,,,436.732,586.2726644999999
,,,75.81,110.52484499999996
,,,11.46,14.064988499999993
,,,89.354,111.15249249999994
,,,26.57,31.656861000000017
,,,29.31,35.7877875
,,,40.78,48.40965099999996
,,,10.805,13.9523465
,,,34.51,44.357235499999994
,,,106.779,109.687504
,,,23.085,29.091213000000018
,,,440.534,500.41179600000027
,,,496.82,454.06805650000007
,,,68.884,77.46567299999998
,,,15.335,18.5703705
,,,9.835,13.074556000000003
,,,186.64,225.84190449999994
,,,71.05,55.93444199999999
,,,11.005,18.69037099999999
,,,41.802,91.04688900000001
,,,186.165,207.24652550000022
,,,49.743,68.355629
,,,100.54,115.14725450000003
,,,222.025,266.26575449999984
,,,7.153,1.4896509999999983
,,,66.751,73.12622599999995
,,,32.18,37.3624815
,,,31.57,26.31552500000001
,,,17.436,22.080294
,,,98.49,113.90182549999997
,,,30.125,42.71007599999998
,,,34.685,40.72199450000004
,,,90.19,114.61672349999992
,,,67.744,60.05804200000001
,,,34.199,45.62905800000003
,,,22.93,41.32757300000003
,,,91.03,100.97371300000005
,,,152.65,175.4985574999999
,,,24.92,28.013407500000003
,,,84.2,85.66277349999997
,,,577.382,553.2646424999996
,,,15.094,16.9216875
,,,23.183,26.910743499999985
,,,90.744,98.80496899999997
,,,38.07,51.599017
,,,19.2,21.369366000000014
,,,76.036,111.90318499999994
,,,54.13,55.431192999999986
,,,34.079,43.638751499999984
,,,64.004,74.14615949999998
,,,57.01,66.55169150000002
,,,54.255,56.876740999999974
,,,72.815,86.52088250000003
,,,48.615,67.844856
,,,51.115,60.013894500000006
,,,99.45,127.52478800000011
,,,95.61,124.60252250000003
,,,62.5,63.698451999999996
,,,25.69,29.286686500000027
,,,29.37,34.27461900000001
,,,59.795,66.96571950000002
,,,81.76,107.83749600000002
,,,56.995,82.55888050000001
,,,39.65,42.55337450000002
,,,83.77,92.85164050000002
,,,40.658,82.02067849999999
,,,30.39,39.21345000000003
,,,66.249,80.680635
,,,132.17,125.08200300000003
,,,67.166,58.66652249999995
,,,61.305,60.58820650000001
,,,33.252,97.72152000000001
,,,30.0,43.566841499999974
,,,50.76,50.907746
,,,18.692,21.089870499999982
,,,18.404,22.79582999999998
,,,121.54,114.5054165
,,,30.008,40.302067
,,,28.675,37.87555550000001
,,,63.335,100.52753899999999
,,,21.23,29.14234350000001
,,,177.74,225.14716249999995
,,,28.06,38.68559750000001
,,,10.988,11.577190500000007
,,,26.435,49.00729399999997
,,,164.75,174.33445099999994
,,,108.77,160.01048049999997
,,,36.7,37.59966349999998
,,,84.99,124.36313750000012
,,,11.365,19.79229249999999
,,,19.879,21.553357499999997
,,,31.19,34.542870000000015
,,,10.375,12.409059499999989
,,,41.289,43.69775500000001
,,,16.745,18.93270449999999
,,,7.608,10.140709999999999
,,,113.536,125.56419850000019
,,,74.9,81.60010599999998
,,,38.693,39.547795
,,,28.085,55.48463849999999
,,,27.957,44.14042199999998
,,,15.381,16.604967
,,,18.305,20.297074500000008
,,,24.165,30.91417250000001
,,,96.9,109.89479150000001
,,,72.89,78.2581355
,,,78.31,87.24043700000001
,,,114.215,158.36495850000006
,,,25.754,35.74528750000002
,,,120.925,144.04635750000006
,,,7.297,7.45150899999999
,,,32.22,42.26291250000003
,,,89.94,91.16287350000002
,,,51.925,58.813193
,,,54.26,64.329907
,,,20.18,21.087283499999984
,,,38.786,50.233333999999985
,,,17.142,16.64267550000001
,,,68.04,83.59645100000003
,,,26.78,31.21400200000003
,,,38.095,44.12347
,,,28.253,41.76712399999999
,,,34.24,40.31139
,,,4.78,6.915841999999997
,,,13.49,16.894993
,,,9.305,11.287004000000003
,,,12.18,15.205899500000012
,,,33.745,46.091962000000024
,,,19.725,22.839670499999997
,,,6.36,5.646495499999999
,,,55.074,80.5159060000001
,,,83.41,94.97696849999998
,,,28.25,36.963230499999995
,,,39.225,61.67343900000002
,,,3.655,5.194277000000003
,,,17.841,14.996975000000006
,,,70.69,92.13458450000007
,,,11.705,11.616226999999997
,,,23.425,39.94734100000001
,,,41.86,45.679829500000025
,,,79.689,126.57053800000013
,,,6.8,7.007271499999999
,,,24.352,20.393456499999985
,,,135.405,158.7414695000001
,,,12.268,16.545213500000013
,,,11.62,13.326925000000001
,,,28.085,28.36969950000002
,,,8.885,13.111956000000013
,,,37.62,34.595704
,,,67.09,64.87723699999998
,,,16.08,19.14549550000001
,,,11.205,13.008101499999999
,,,23.78,28.9912905
,,,8.517,14.771367499999995
,,,20.891,25.01366800000001
,,,4.735,6.3684769999999995
,,,57.43,77.4147215
,,,2.175,2.3910439999999973
,,,39.065,38.170213000000004
,,,20.508,35.206198
,,,15.39,16.57486500000001
,,,11.694,10.689457000000003
,,,4.813,5.984843
,,,12.613,14.148317999999993
,,,156.055,189.25286349999988
,,,88.806,104.32364200000008
,,,48.58,56.806565500000026
,,,11.615,16.950933499999998
,,,37.48,60.04260449999999
,,,9.355,9.0292245
,,,83.595,104.74915050000001
,,,13.225,14.170098500000003
,,,74.05,90.59997349999999
,,,18.384,21.9060085
,,,26.56,27.535466499999988
,,,7.785,10.291434999999993
,,,59.87,63.3821685
,,,37.265,50.00217299999998
,,,16.86,19.110209
,,,116.949,136.27387350000004
,,,20.31,23.24475749999999
,,,12.465,15.472482499999996
,,,15.795,17.023906000000004
,,,49.819,60.655561
,,,52.01,49.37891200000002
,,,2199.0,2390.148017500001
,,,125.4,142.66334250000003
,,,58.13,67.55371549999998
,,,8.389,9.035831
,,,11.025,12.381560499999988
,,,160.15,168.6835609999999
,,,17.0,17.605067499999986
,,,38.08,43.022374500000026
,,,68.37,89.76713450000007
,,,165.9,175.61487199999988
,,,20.57,21.839893499999985
,,,259.2,278.3096414999999
,,,14.695,15.265933500000006
,,,32.28,33.15559999999998
,,,15.126,15.686069999999994
,,,1330.0,1705.0932480000004
,,,68.32,69.42258149999996
,,,145.15,144.34157000000002
,,,288.5,297.55044050000004
,,,37.21,36.49369249999998
,,,4.482,4.613870000000001
,,,131200.0,121150.62104849987
,,,257.4,283.66586899999993
,,,68.94,77.37392349999996
,,,48.28,50.384066999999995
,,,4.623,4.4494905
,,,95.0,85.29529750000009
,,,112.75,151.43125650000005
,,,4.733,4.448425500000006
,,,19.04,22.150478999999997
,,,27.94,37.029577499999974
,,,6.644,6.923691499999998
,,,76.54,87.73943349999998
,,,128.95,167.98700849999986
,,,29.73,35.6817805
,,,4.026,4.474276500000003
,,,212.2,235.1856879999999
,,,88.6,94.63823950000004
,,,9.104,8.800788500000001
,,,20.8,21.82080349999999
,,,456.2,445.99189300000006
,,,14.74,19.134506000000016
,,,58.62,63.8292355
,,,391.8,416.6655775
,,,89.44,107.02968750000002
,,,31.58,31.568958499999994
,,,34.82,33.78708149999999
,,,230.4,246.27660249999997
,,,239.9,281.3779654999998
,,,87.22,92.48014300000006
,,,11.75,13.222791500000007
,,,63.46,67.93211499999994
,,,35.07,36.214507000000005
,,,16.71,18.13836099999999
,,,507.0,562.2639864999994
,,,280.6,276.96223149999986
,,,511.0,529.7357380000008
,,,837.6,2122.8802995
,,,16.445,18.847141000000008
,,,0.5078,0.5024180000000004
,,,138.0,141.19636199999988
,,,121.4,120.79840650000004
,,,45.5,52.95144800000006
,,,187.8,158.42684699999995
,,,33.36,34.286796499999994
,,,1.748,2.033319
,,,106.3,110.17704899999997
,,,16.83,18.12587649999999
,,,22.75,28.997526500000006
,,,186.1,198.27645800000002
,,,159.8,212.52416300000013
,,,372.2,380.6773569999998
,,,374.1,371.9245744999999
,,,79.45,109.51904400000001
,,,102.5,127.45181650000008
,,,50.9,56.989487499999996
,,,217.0,251.11033249999997
,,,69.5,82.71615700000001
,,,5.918,6.364438500000001
,,,9.21,7.509950999999993
,,,140.6,140.0922339999999
,,,11.37,15.518251999999993
,,,63.0,69.10757199999996
,,,83.2,111.7539459999999
,,,260.9,241.16197799999986
,,,8.24,11.621744499999998
,,,2.342,2.2619084999999988
,,,162.2,178.53385399999985
,,,49.35,50.42231050000002
,,,45.94,46.855864500000024
,,,76.1,94.62552900000006
,,,44.04,60.2294755
,,,94.76,141.28819149999998
,,,6.455,6.939953999999999
,,,61.1,70.186184
,,,377.4,346.1292269999998
,,,1.976,2.2742169999999993
,,,21.08,27.20807099999999
,,,156.2,189.58294699999988
,,,21.77,27.213261499999998
,,,28.0,31.906895500000005
,,,754.0,803.6321815
,,,63.8,69.59580800000003
,,,52.4,53.24323850000003
,,,41.02,32.239969499999994
,,,109.6,136.971324
,,,41.8,43.62765550000002
,,,3.896,4.220687999999998
,,,47.36,52.71376300000003
,,,371.5,422.2305904999997
,,,21.0,20.990777499999982
,,,22.2,26.477623999999988
,,,212.8,234.3191915
,,,12.58,13.356128999999994
,,,7.56,11.61640899999999
,,,3.065,3.0529420000000016
,,,106.3,139.8380985
,,,76.6,92.6445565
,,,15.52,21.073810999999978
,,,501.0,558.1489689999999
,,,2.748,2.825474000000002
,,,5.62,7.100776499999998
,,,7.78,8.356633999999996
,,,64.35,78.7167235
,,,27.0,27.147486999999977
,,,3.38,3.763838500000001
,,,27.5,32.06431700000002
,,,18.34,24.448018500000003
,,,30.6,38.95377850000002
,,,3.902,4.199764499999997
,,,232.5,319.9648400000001
,,,13.27,19.03234550000001
,,,357.5,403.61414950000005
,,,9.345,8.793463999999995
,,,88.8,111.05153149999997
,,,62.35,72.96373599999998
,,,26.64,34.220868000000024
,,,150.6,177.66191349999983
,,,38.9,50.21163350000004
,,,7.265,8.202481999999996
,,,9.256,10.172983999999996
,,,4439.0,4033.6420589999984
,,,141.2,139.40325500000014
,,,23.06,24.143785999999988
,,,19.16,25.948797499999998
,,,145.8,132.9838415000001
,,,11.8,12.110791499999998
,,,13.44,12.770859999999987
,,,120.36,141.51168450000006
,,,77.2,85.28413950000004
,,,59.08,71.93321399999999
,,,8.2,8.305273499999998
,,,7.7,7.784897499999995
,,,249.2,287.01553649999994
,,,46.71,51.64090049999999
,,,62.7,32.980958999999984
,,,15.39,17.665589000000008
,,,22.84,27.22356599999999
,,,68.4,78.17655850000001
,,,48.4,49.86301199999998
,,,3.108,4.318451499999998
,,,85.44,98.72052800000007
,,,4.42,4.5226795
,,,9.555,11.661444500000002
,,,103.02,113.75225949999995
,,,11.52,13.497671500000003
,,,11.52,13.538804000000003
,,,346.2,366.13597699999997
,,,29.7,31.418121499999987
,,,9.79,10.046298999999998
,,,17.08,19.722409500000005
,,,3.866,5.557719499999999
,,,61.2,69.06408149999999
,,,89.0,119.91984150000006
,,,212.0,214.49462250000005
,,,619.0,689.5012410000002
,,,67.2,74.95723700000002
,,,550.0,666.6507750000003
,,,21.74,27.023379500000004
,,,27.15,30.328604000000013
,,,0.827,1.1994645000000006
,,,6.49,6.920377500000002
,,,3.55,3.769380499999997
,,,33.0,45.95566550000002
,,,1.46,1.9114515
,,,59.15,51.05853900000004
,,,1.98,2.9042030000000016
,,,55.1,44.26246649999999
,,,189.4,213.32291500000008
,,,1.786,1.8219209999999995
,,,83.8,93.8741825
,,,78.4,98.416423
,,,122.9,170.83072499999997
,,,169.8,124.39408600000004
,,,12.26,14.544657999999991
,,,273.0,297.80651700000004
,,,1.65,2.0707844999999985
,,,16.8,19.89082050000002
,,,65.9,81.99952750000003
,,,13.03,15.372628999999991
,,,150.4,177.5868429999999
,,,198.6,224.59488299999978
,,,231.0,261.96743199999975
,,,20.45,30.80451000000002
,,,116.3,128.42099050000007
,,,4.52,5.112683999999999
,,,25.75,29.244476000000027
,,,246.5,294.66097599999983
,,,6.615,7.682970999999997
,,,73.8,61.34207099999995
,,,14.26,21.14200449999997
,,,3.816,4.9653649999999985
,,,75.8,110.21835499999997
,,,57.4,64.51192450000002
,,,170.0,205.7519830000001
,,,18.86,23.17199200000001
,,,50.1,62.926007
,,,14.48,14.906195499999992
,,,29.8,37.59209849999999
,,,34.15,45.11757950000002
,,,8.77,9.302083500000004
,,,42.2,43.02277649999999
,,,28.12,32.76515550000002
,,,14.14,16.130361
,,,7.442,10.45485949999999
,,,4.22,0.20310050000000004
,,,5.62,6.952111000000001
,,,17.45,22.674235999999997
,,,21.5,24.16763800000001
,,,6.975,5.949231000000002
,,,10.2,15.798690000000004
,,,4.314,4.8871185
,,,6.645,15.044122999999999
,,,5.02,5.9105380000000025
,,,3.716,4.7721979999999995
,,,10.82,12.969025999999992
,,,59.7,87.02740600000007
,,,5.88,5.968379499999997
,,,4.56,6.5013675
,,,6.82,7.824891999999994
,,,39.6,51.1989765
,,,23.9,26.045784999999995
,,,104.4,113.52169899999996
,,,68.9,75.39119350000001
,,,117.4,153.5762230000001
,,,8.47,9.132682499999998
,,,423.6,504.7633760000001
,,,6.91,9.586050999999992
,,,86.7,90.0920525
,,,121.1,147.72108800000004
,,,2.016,3.012326499999999
,,,200.2,263.9536159999999
,,,18.6,16.721014500000003
,,,24.0,26.253173999999994
,,,7.38,11.427753499999996
,,,78.2,88.04056950000003
,,,3.648,4.6235694999999986
,,,136.2,174.24463100000006
,,,7.27,11.347389499999997
,,,4.19,5.739060500000002
,,,322.0,352.3332019999998
,,,2.315,2.871388500000003
,,,122.6,140.65541950000005
,,,1.136,2.1632724999999984
,,,212.0,265.75362
,,,22.18,17.103243500000016
,,,51.3,68.01789749999998
,,,30.58,37.48941049999999
,,,14.86,15.54139249999999
,,,10.32,10.499765499999999
,,,15.45,19.9949265
,,,26.36,17.14562150000002
,,,31.8,40.828756000000006
,,,250.0,264.2177319999998
,,,4.15,6.422765500000002
,,,2.012,2.276267499999997
,,,6.325,13.285739000000005
,,,1.465,3.125340500000001
,,,28.2,43.314691999999994
,,,71.1,82.20015849999996
,,,1.172,1.3002714999999998
,,,27.4,28.566504500000015
,,,2.73,3.892261000000003
,,,2.11,2.561077000000002
,,,72.1,93.46844650000001
,,,17.9,9.583594500000006
,,,99.5,95.29582299999998
,,,14.3,19.833804500000006
,,,48.55,102.28879400000001
,,,3.49,5.738455000000004
,,,9.62,10.3990845
,,,1.404,1.921969499999998
,,,1.378,1.7599004999999996
,,,18.92,17.527818000000007
,,,132.0,170.30022499999998
,,,10.246,12.952884499999987
,,,8.72,10.421105999999998
,,,0.79,1.0599745
,,,94.2,126.24689900000016
,,,5.43,6.340602999999999
,,,1.97,2.5524545000000005
,,,28.75,37.03988749999998
,,,1.09,1.1946180000000002
,,,3.526,3.8390140000000006
,,,12.16,11.420430999999997
,,,21.9,26.795760499999997
,,,9.5,14.671322499999997
,,,2.865,3.805398499999999
,,,22.15,35.8429985
,,,5.56,5.646432000000001
,,,128.6,111.58509149999992
,,,74.85,97.620349
,,,7.297,10.247223500000004
,,,38.8,52.919948500000004
,,,72.4,85.12718550000004
,,,254.8,263.6970804999997
,,,0.376,0.4950970000000007
,,,6.28,7.5958779999999955
,,,17.28,18.669337499999987
,,,48.7,59.31636849999993
,,,8.57,12.071686000000001
,,,27.8,25.000021000000007
,,,12.0,11.964616499999991
,,,13.1,13.303935500000005
,,,5.9,8.018122
,,,3.48,3.8219259999999986
,,,27.96,34.15251100000002
,,,6.82,10.741225500000008
,,,2.655,2.9743815000000025
,,,500.0,425.5465339999999
,,,3.22,3.528039500000001
,,,3.74,4.712872
,,,1.59,1.9950845000000013
,,,9.55,18.99874700000001
,,,0.2735,0.6391475
,,,260.0,315.45191849999986
,,,9.46,11.995356000000006
,,,3.38,5.129439500000001
,,,9.05,11.164672999999993
,,,23.35,46.571759500000034
,,,28.15,32.43159550000002
,,,0.79,1.2240144999999998
,,,30.35,35.358550500000035
,,,8.74,10.707789500000004
,,,1.49,1.9327504999999987
,,,4.28,5.910247499999997
,,,26.0,32.42685700000002
,,,2.68,1.6039515000000015
,,,0.845,0.8198544999999988
,,,2.69,4.683012500000002
,,,12.8,14.168795499999995
,,,1.462,1.7199714999999998
,,,5.61,7.2644144999999956
,,,37000.0,42904.464692499954
,,,4.93,8.468589500000002
,,,34.05,36.644383000000005
,,,11.05,13.696038000000001
,,,2.565,3.6138725000000007
,,,2.645,2.568807500000001
,,,1.776,2.0903555000000016
,,,0.682,0.8791264999999997
,,,0.82,1.017332999999999
,,,16.75,19.456434000000023
,,,3.19,3.0822450000000026
,,,1.516,1.8478185000000007
,,,37.2,50.63296849999999
,,,54.9,95.49120049999992
,,,46.1,57.78991199999994
,,,15.36,19.286825000000018
,,,16.86,22.656589500000013
,,,0.64,0.8499269999999993
,,,1.696,2.2339134999999994
,,,5.37,9.711704500000007
,,,109.8,152.89958049999998
,,,141.02,141.06503300000006
,,,1.68,1.6338260000000002
,,,1.892,2.8404240000000005
,,,7.82,10.425014499999998
,,,33.35,37.130748499999996
,,,19.5,24.096588999999998
,,,22.2,38.97047550000004
,,,1.165,1.733501999999998
,,,4.88,10.0131795
,,,103.0,141.85556150000002
,,,25.0,27.880136500000006
,,,8.36,10.493430500000006
,,,50.8,70.26328249999999
,,,48.2,84.28652600000007
,,,11.26,10.7962665
,,,30.0,42.23233399999998
,,,115.0,96.81997500000007
,,,3.53,5.603257000000001
,,,14.32,18.41686049999999
,,,3.13,4.327482499999997
,,,0.1702,0.30537349999999996
,,,0.614,1.8672389999999996
,,,14.04,16.637808500000002
,,,13.4,18.099262
,,,48.6,62.26991000000001
,,,0.4215,1.0601175000000007
,,,1.135,1.5647810000000022
,,,1.905,2.962621000000002
,,,4.18,7.014406999999998
,,,23.0,32.714349
,,,2.59,3.277390999999997
,,,1.108,1.2247605
,,,7.5,8.016807999999997
,,,75.8,69.08171399999996
700.0,,,633.0,723.7904070000003
600519.0,,,1467.98,1787.681506999999
3988.0,,,4.4,5.343215500000002
601138.0,,,63.99,59.47690950000001
2628.0,,,24.58,25.096270499999992
6501.0,,,4429.0,5089.791516500003
,,,3073.2,3567.7371154999964
2317.0,,,239.0,250.34237749999986
8035.0,,,29730.0,28030.01361450001
,,,38.88,31.825534499999993
,,,43.38,37.096180500000024
3328.0,,,6.92,7.677763999999994
8001.0,,,8588.0,9407.182681999995
6857.0,,,16465.0,13677.302861500006
4519.0,,,7154.0,7914.765196499993
,,,447500.0,459392.3053595
,,,899.95,1113.0117074999996
601166.0,,,20.76,25.122996000000008
4063.0,,,4900.0,5465.144674999998
,,,1162000.0,750734.8830929996
300502.0,,,347.76,366.7463979999998
601601.0,,,37.34,43.46269050000001
,,,1523.9,1660.5789219999992
6702.0,,,3858.0,3986.3893729999995
6701.0,,,5046.0,5122.681546500002
603259.0,,,101.9,120.57016450000006
2881.0,,,91.9,88.182308
7267.0,,,1596.0,1779.4525410000008
16.0,,,93.5,103.21951450000007
3382.0,,,2040.5,2369.797066500001
2020.0,,,88.1,119.06442549999998
1.0,,,11.63,13.365795499999999
,,,4268.0,4364.981902999999
63.0,,,48.19,54.13620700000001
6762.0,,,2409.0,2395.704463500002
507685.0,,,244.4,260.3510835000002
7269.0,,,2275.0,2376.8085005000025
8630.0,,,4691.0,5304.336851499998
,,,9.84,11.288266499999994
2352.0,,,39.96,54.07430049999997
6752.0,,,1817.5,2126.5362075000007
600104.0,,,16.53,21.56113350000001
601985.0,,,9.13,10.921655000000005
,,,64.75,73.73451199999998
600406.0,,,23.01,26.393622500000006
600025.0,,,10.18,10.373871499999991
4543.0,,,2560.0,3249.3375765
6881.0,,,11.48,12.916287499999996
,,,206000.0,218038.06301250015
669.0,,,96.2,113.48882250000004
300014.0,,,78.49,63.147719999999964
6723.0,,,1848.0,2403.1424385000005
603501.0,,,129.3,165.56341199999991
688008.0,,,136.42,125.5201295
2.0,,,65.95,70.191667
27.0,,,38.02,48.397184499999995
6273.0,,,50720.0,52297.246653999944
3908.0,,,21.7,25.83045899999999
2736.0,,,14.19,16.488982000000007
,,,8.48,8.678621499999997
688506.0,,,351.2,317.61326449999996
,,,389500.0,433265.368283
601012.0,,,19.04,17.79065100000001
1929.0,,,15.63,17.3852875
688.0,,,13.84,16.635328500000004
603986.0,,,206.96,197.86984399999994
6594.0,,,2550.5,3448.0873864999985
601229.0,,,9.6,11.461856999999998
753.0,,,6.21,5.0851384999999985
,,,5617.0,5844.7855205000005
,,,59000.0,69842.977274
,,,13.12,15.805568499999994
,,,115000.0,91213.75182150003
1171.0,,,10.93,8.681794500000002
600989.0,,,17.3,23.060583499999996
,,,1517.1,1580.9253824999996
600346.0,,,17.6,20.99436199999999
600585.0,,,23.58,28.702429000000002
6988.0,,,3846.0,3461.2429989999973
2460.0,,,64.16,40.41708600000002
2357.0,,,698.0,730.5611000000004
,,,6068.0,5919.555010999998
603799.0,,,62.75,67.5178675
2938.0,,,50.03,59.16084049999998
688271.0,,,140.0,170.71459350000003
1177.0,,,7.0,9.548996
600886.0,,,14.11,15.198004499999998
4612.0,,,1011.0,1241.9869435000007
,,,118.22,124.22404800000005
,,,6325.0,5615.763978999994
1913.0,,,46.3,61.68467199999995
,,,1645.1,1707.479331499999
2327.0,,,226.0,156.10213550000003
,,,1175000.0,695823.0203074989
,,,396.6,507.2481884999998
3017.0,,,1170.0,1288.5922160000018
,,,1463.4,1578.332026499999
600893.0,,,39.12,44.47373400000003
3231.0,,,143.0,160.65597099999997
,,,2.42,2.430326499999997
,,,5612.0,5908.600850999998
823.0,,,40.54,48.07753800000001
1818.0,,,29.36,31.948014499999985
,,,1175.3,1450.4165025000004
500530.0,,,38953.85,36172.112109999995
500182.0,,,5586.9,5391.946730999999
600958.0,,,11.16,13.133348999999994
,,,33.41,37.60184550000001
4716.0,,,14800.0,17192.383333499998
1979.0,,,9.75,10.580720000000001
,,,35.75,36.88703699999999
,,,1851000.0,739592.2056024985
,,,28970.0,32554.398602999994
6361.0,,,3876.0,3711.735712999999
,,,1009.1,1108.5731534999995
,,,2451.0,2804.15793
6969.0,,,14.28,17.79450550000001
3045.0,,,112.5,120.87415500000004
2382.0,,,78.55,101.00636550000007
,,,90200.0,105703.95117099995
,,,15611.0,17990.3797025
531642.0,,,724.6,797.0625395000004
,,,1496.4,1704.381901
596.0,,,155.31,194.88836450000002
2268.0,,,66.6,74.53157850000001
9863.0,,,57.55,85.85315600000006
2074.0,,,41.67,31.713202000000013
6504.0,,,10630.0,11210.816427
601360.0,,,10.43,9.447843000000004
7309.0,,,17795.0,18406.517558999996
688072.0,,,258.7,241.95979050000005
,,,137400.0,180820.425963
,,,49700.0,50156.2776339999
,,,3.34,3.759105
489.0,,,9.46,10.842457999999999
600023.0,,,5.22,5.9013829999999965
963.0,,,39.8,50.5061085
9021.0,,,3256.0,3657.016786999995
2360.0,,,692.0,509.0789345000002
3898.0,,,44.38,43.75075650000002
,,,4240.0,5127.231381
,,,0.49,0.611886
,,,37.82,38.962703000000026
,,,308.0,316.03217100000006
2395.0,,,323.5,369.46961699999986
1803.0,,,2036.0,2125.929499
,,,5.93,6.589562499999994
9719.0,,,4295.0,4893.263250000002
,,,35.72,40.440264500000005
2202.0,,,15.25,14.54900549999999
,,,18.54,18.328159999999997
177.0,,,9.43,10.550590000000001
,,,11825.0,13405.59541199999
486.0,,,4.32,4.222808
5019.0,,,1046.0,1100.0902654999998
600233.0,,,17.2,19.58501149999998
3034.0,,,415.5,439.67359700000003
600372.0,,,12.09,12.980010000000002
,,,54200.0,58477.64467599995
322.0,,,10.96,13.543130000000009
,,,920.0,615.752557
1504.0,,,114.0,80.88358749999992
,,,81500.0,44117.11179749998
,,,266.96,250.84825599999988
933.0,,,23.95,27.273978999999976
,,,54.75,68.87323849999999
600426.0,,,25.08,29.850715999999988
526371.0,,,74.19,74.38559900000003
,,,236000.0,259418.6000670002
300604.0,,,83.43,44.0446345
6532.0,,,7368.0,10105.805686000005
5411.0,,,1755.0,2022.7027090000008
,,,2640.0,3321.3618344999973
1911.0,,,1793.0,1906.0445800000014
300418.0,,,41.09,41.627051000000044
2319.0,,,14.4,21.5161175
360.0,,,47.04,45.60789999999995
688120.0,,,142.74,148.68398150000007
3443.0,,,1615.0,1448.6991900000005
7911.0,,,3746.0,4870.140505500003
2615.0,,,77.0,87.93945800000004
,,,135.53,136.26584750000012
9042.0,,,4482.0,4328.651521500002
,,,1020.2,1089.2468909999996
505790.0,,,3908.45,4378.431215000001
600588.0,,,14.45,17.531077500000013
3311.0,,,10.18,13.486352
2875.0,,,10455.0,12198.161685000006
999.0,,,29.29,38.81992050000002
9899.0,,,244.4,324.91588550000006
2850.0,,,177.88,148.52614100000017
,,,940.75,909.2636914999993
2344.0,,,46.3,38.72805799999999
,,,1293000.0,746038.8292974986
,,,759.6,734.8681485000002
688169.0,,,183.8,223.91797399999982
300339.0,,,59.34,76.6074865
3064.0,,,2003.5,2639.8985539999994
600085.0,,,34.02,44.56485949999999
603049.0,,,53.0,61.639307999999964
,,,27.84,31.06195700000002
780.0,,,21.54,26.337738499999997
,,,227.86,237.05994649999997
,,,242500.0,329484.89151200035
2368.0,,,399.0,476.8507789999999
526299.0,,,2801.1,2951.2855164999987
6446.0,,,503.0,682.344723
1942.0,,,4455.0,4397.878898000004
598.0,,,5.39,4.907401999999998
688110.0,,,96.91,20.110356999999993
,,,7.28,7.631914999999995
2340.0,,,8.14,7.906067999999998
5101.0,,,5586.0,6159.654752499998
3698.0,,,3.23,2.8308035000000022
,,,934.4,728.1060735000002
9143.0,,,1479.5,1780.7839195000001
688728.0,,,15.76,16.934914999999997
4528.0,,,1835.0,1594.8304095000003
688099.0,,,95.75,95.14367899999998
532644.0,,,6358.55,6970.345774000002
6223.0,,,1825.0,1963.0985664999994
,,,132600.0,166333.9287440001
,,,22.0,25.835922
532478.0,,,1828.05,1964.1259379999997
,,,59800.0,75242.92738350005
,,,24.3,25.962912000000003
2812.0,,,40.26,32.295747
600885.0,,,26.37,31.557464000000017
4324.0,,,3158.0,3018.574045
601577.0,,,9.55,9.979936999999993
,,,9.44,10.708368000000002
300474.0,,,73.34,86.94378750000007
,,,9259.0,8208.322334999993
2356.0,,,45.85,45.330574999999996
2966.0,,,8.5,9.624135999999998
601665.0,,,6.16,6.734261
,,,51.95,86.18968250000003
,,,59.42,68.548873
,,,119400.0,159074.22519650002
600985.0,,,13.63,15.804147999999996
3462.0,,,166400.0,180899.6725895001
2404.0,,,830.0,525.9763185000002
7752.0,,,1352.5,1439.968894
,,,730.0,873.443249
300073.0,,,65.97,57.09139749999998
2472.0,,,42.77,45.675143000000006
,,,3283.3,3252.527886999994
600177.0,,,7.69,7.999162999999999
2130.0,,,28.25,31.597007500000018
3283.0,,,89400.0,96860.14790549989
5631.0,,,10185.0,10806.251114000006
688172.0,,,24.59,21.097155500000003
688019.0,,,206.9,175.01608199999995
5333.0,,,2550.0,2380.2927615000003
603699.0,,,44.8,40.529322000000015
,,,1280.0,1277.1257785000012
,,,24950.0,30698.654719000027
2624.0,,,17.27,18.883575999999994
,,,228.28,227.25361049999975
,,,279.05,321.3779730000001
4021.0,,,5340.0,5908.891887000001
600352.0,,,10.35,12.832648499999989
,,,3.48,3.7679674999999975
300972.0,,,177.69,215.36359050000013
,,,262000.0,279721.5207265004
729.0,,,11.83,14.144354999999985
688234.0,,,71.54,61.19393849999996
921.0,,,24.97,32.311128000000025
500067.0,,,1972.8,1912.1195094999991
,,,717.8,807.3876820000002
959.0,,,4.2,3.813339499999999
603198.0,,,40.45,59.789905999999974
600498.0,,,25.1,29.778543
23.0,,,13.21,12.211588500000014
,,,57100.0,78038.29033800004
522.0,,,83.25,84.73958200000001
,,,5.7,5.986448999999992
,,,1455.8,1483.9541189999998
6448.0,,,2654.5,2866.7629374999983
300054.0,,,32.96,37.89140849999999
5332.0,,,4023.0,4054.7215989999986
,,,5.99,6.930796500000001
1389.0,,,71.28,52.570990999999985
600909.0,,,6.38,6.573900499999991
603885.0,,,13.84,15.240647499999984
,,,4.76,4.812070000000002
3141.0,,,3039.0,2619.940123999999
2096.0,,,12.44,16.4807975
6370.0,,,5771.0,6624.107726499999
2212.0,,,3191.0,3647.351673
,,,61200.0,74409.86940599991
,,,1353.5,1438.6709909999997
513683.0,,,262.35,305.7618084999999
600141.0,,,26.63,29.331858000000008
2610.0,,,20.8,23.966235500000003
603728.0,,,69.36,52.84139150000003
,,,60900.0,65547.0905355
,,,9.21,11.416478999999992
968.0,,,3.41,3.7639994999999993
8984.0,,,132200.0,147270.57952000006
666.0,,,13.63,16.844605000000005
,,,206000.0,211154.23531200018
688692.0,,,250.17,290.0750359999998
688017.0,,,154.51,152.39999550000022
6113.0,,,1874.0,2012.9810225000006
688343.0,,,78.22,87.60301900000002
1476.0,,,437.5,478.1194974999999
,,,3.44,3.5249765
500408.0,,,5471.75,4516.457502000004
,,,2.45,2.5760345000000013
257.0,,,4.84,5.151212999999998
600563.0,,,120.75,133.4761390000001
,,,585.0,623.9103959999998
300017.0,,,11.03,14.363411499999986
9007.0,,,1664.5,1782.665578
8954.0,,,103300.0,104256.808718
600390.0,,,5.93,5.667061000000003
688266.0,,,100.26,142.0424990000002
,,,354.6,380.2905549999998
2262.0,,,26.02,29.51236449999999
,,,16.8,27.221842000000002
600598.0,,,14.76,18.004670499999996
,,,49400.0,50019.40357249992
1969.0,,,4293.0,4477.247535000006
6417.0,,,2750.0,2824.8396685
2419.0,,,73.1,113.30513400000007
600170.0,,,2.93,3.6002795000000005
600977.0,,,13.94,13.280384999999999
,,,13.01,13.596356000000016
600132.0,,,53.57,59.868308499999976
,,,1470.0,2225.3792510000003
601001.0,,,15.41,16.741288000000008
2926.0,,,9.77,12.290299000000005
1415.0,,,32.14,38.128673000000006
9985.0,,,11.46,16.485048
400.0,,,24.94,28.336444500000006
600299.0,,,9.47,11.298331500000003
,,,1148.4,1272.9935340000009
9513.0,,,2991.5,2828.8595434999984
600998.0,,,5.01,6.934645
5269.0,,,1445.0,2527.8142955000008
688037.0,,,123.84,124.23554600000013
2002.0,,,1831.0,2077.2365965000004
603290.0,,,103.2,99.691241
603816.0,,,30.35,32.42426799999998
300012.0,,,14.6,16.37376300000001
688615.0,,,174.05,208.0848100000002
5901.0,,,3455.0,2406.7294455000006
,,,382.93,384.9910944999998
,,,134200.0,194571.9363245001
,,,478.05,509.6114590000003
603650.0,,,40.3,43.10733399999998
688123.0,,,151.68,101.95390800000013
300723.0,,,53.19,40.3201575
601000.0,,,4.03,3.8432834999999996
,,,4.01,5.546784
2831.0,,,26.35,30.31110450000001
600323.0,,,29.14,35.58313550000001
,,,493.9,492.1209335000003
300002.0,,,11.94,18.427756500000005
300383.0,,,13.04,16.28532750000002
791.0,,,7.16,8.1588935
9989.0,,,4233.0,5405.9084440000015
371.0,,,2.52,2.8938750000000018
688561.0,,,34.0,37.55134500000005
,,,27600.0,24456.479255000017
,,,1185.0,1632.3561934999993
,,,413.95,456.3276655000003
600012.0,,,14.67,18.97489450000001
6302.0,,,4092.0,3196.1564119999985
605589.0,,,28.25,36.95413599999997
1860.0,,,16.3,5.579638
600499.0,,,12.31,11.829048999999998
3350.0,,,426.0,1837.911795500001
,,,24.85,31.6085005
2580.0,,,15.64,18.35303899999999
6481.0,,,4307.0,4463.132697500002
5947.0,,,3464.0,4097.055874999998
300100.0,,,39.56,53.04785600000001
631.0,,,7.59,8.428807499999998
600835.0,,,25.43,24.89437
600820.0,,,7.14,9.185577499999997
723.0,,,5.09,4.925289499999994
,,,171.31,189.80402
601966.0,,,15.26,20.379911999999994
9364.0,,,4696.0,4771.402686000006
2266.0,,,4.28,4.488905500000004
,,,7.9,7.064119499999999
,,,33550.0,47973.076715499956
7564.0,,,5730.0,5710.274923500005
2518.0,,,37.56,45.984519500000026
3396.0,,,10.1,11.936777000000006
2222.0,,,25.86,28.757755500000016
1120.0,,,108.0,108.05107749999993
,,,20.69,21.021821999999982
,,,18.5,21.118816999999986
,,,2.78,3.062454000000002
,,,17.79,19.309993500000008
,,,22.1,23.670618999999988
1010.0,,,27.22,34.32604549999999
,,,33.13,35.22274450000002
1150.0,,,26.48,32.247372500000004
,,,208.8,234.8431544999999
,,,1033.11,974.455464499999
1140.0,,,28.92,30.991597500000022
,,,93.16,102.51727050000005
,,,23.72,24.6385825
,,,39820.0,51145.93621199994
,,,119.5,144.97657500000005
,,,291.94,324.25565850000004
,,,28.1,32.153207000000016
,,,40.65,40.628598000000004
,,,36.57,43.93243599999999
,,,97.7,142.16768200000007
,,,985.0,871.6154339999995
,,,2690.0,3270.5407594999992
,,,0.526,0.6091080000000002
,,,639.0,603.2430700000001
,,,104.16,124.68013150000019
,,,292.0,319.2868290000001
,,,28.13,33.0868915
,,,0.324,0.37421000000000026
,,,2700.0,2701.9982775000008
,,,0.975,1.9104054999999998
,,,19.45,21.713747999999992
8210.0,,,154.8,199.57768299999995
,,,39.33,40.32059100000001
,,,317.53,322.4845849999999
,,,139.76,161.18518049999994
,,,36.21,55.666246499999986
,,,11.1,11.316757999999998
2382.0,,,15.63,18.297238499999988
,,,26.42,30.107154499999982
4164.0,,,117.3,129.45164050000017
,,,77.45,149.175344
,,,44.56,49.9218465
,,,650.95,1081.4306390000002
,,,930.0,969.4887469999991
,,,2315.0,2283.161728500001
,,,10100.0,11457.924615500002
1303.0,,,10.98,12.905659499999997
,,,217.75,272.0719245000002
,,,0.233,0.24593499999999976
4321.0,,,21.65,23.170754999999986
,,,52.6,59.85109449999996
,,,43.0,51.54938800000001
,,,3.891,4.104355499999996
2350.0,,,5.79,5.196547500000004
,,,353.51,404.8053970000001
1810.0,,,30.5,27.155727499999976
,,,212.0,234.56724150000014
,,,5.44,5.058472499999997
,,,243.0,384.5045689999999
,,,1366.0,1671.564072
,,,14.35,23.113709999999987
,,,5120.0,5080.967518500003
2050.0,,,24.29,29.184463500000025
4084.0,,,29.54,34.99555100000001
,,,294.52,289.4567675
,,,264.5,316.49020999999993
,,,77.15,86.623285
,,,29.4,28.652446000000005
4001.0,,,7.56,8.059605499999991
2381.0,,,74.85,90.02232150000003
,,,40.5,43.425932500000016
,,,59.5,62.701737499999965
4161.0,,,5.59,6.6109184999999995
,,,196.1,291.3234504999999
,,,22.15,21.988640499999985
,,,0.83,0.9201990000000013
4163.0,,,67.3,77.691764
,,,1370.0,1276.6419795000015
,,,52.1,61.95693799999998
,,,325.5,538.9945390000003
,,,1438.0,1692.5073639999991
,,,22.58,25.562086000000008
,,,71.05,75.64511049999997
,,,54.49,61.280120499999974
,,,557.0,724.715016
,,,4890.0,5360.704882000005
,,,29.85,33.32432250000001
,,,30.06,37.27068950000002
,,,10.33,11.536427999999994
,,,1.055,1.0810160000000009
,,,1.2,1.0159844999999996
,,,81.35,85.41317700000002
,,,1.01,1.2446560000000004
,,,91.75,69.58313150000002
,,,105.62,140.67649549999993
,,,22.7,29.062705999999995
,,,8.34,10.418732
,,,17.75,25.79555449999999
,,,4.94,5.158047500000001
6017.0,,,20.77,26.34083050000001
,,,48.51,43.616012
1321.0,,,132.0,162.82922200000021
,,,2.53,3.5318564999999995
,,,4.1,4.247769499999993
,,,14.3,15.748997999999993
,,,6.54,13.080838000000012
,,,42.88,66.890096
,,,907.05,979.5616569999988
2070.0,,,29.58,29.922477999999984
,,,140.4,134.40061050000008
,,,4.97,4.5057375
,,,104.0,174.79691149999988
,,,3.95,6.003033500000002
,,,1.601,1.591018
,,,76520.0,97420.92807899989
2040.0,,,31.08,25.511865499999978
,,,79.4,145.99801600000004
,,,12.86,16.760719500000008
,,,1.15,1.2681330000000006
,,,83.25,104.13633250000002
,,,6.11,6.492054999999999
,,,38.86,63.705292000000036
,,,8.75,10.700247000000005
4146.0,,,15.96,18.44815
,,,3.75,5.0956094999999975
,,,3.27,6.904854999999995
1834.0,,,5.95,6.800329999999999
,,,24.45,42.3729285
1202.0,,,26.6,35.722922000000025
,,,4.82,5.052957499999997
,,,36.0,33.235499999999995
,,,0.102,0.15673749999999984
3003.0,,,14.88,20.782622999999997
2286.0,,,3.8,4.558381999999998
,,,42.3,42.30979
,,,45.4,53.05086400000002
,,,0.887,1.2088740000000004
,,,27.0,29.475194500000022
,,,23.28,29.606017500000004
,,,184.9,158.6166025000001
,,,32.1,42.61907199999998
,,,5.6,6.706980999999995
,,,13.64,12.976169999999993
,,,216.01,226.78906100000023
,,,31.2,50.997097000000025
,,,7.89,10.023926999999997
,,,0.542,0.48663250000000075
,,,4698.9,5532.176902999999
,,,3.26,5.622871000000001
,,,1.25,1.5830465000000005
,,,41.38,83.06350950000005
6001.0,,,37.4,49.65450149999999
8250.0,,,25.1,29.80269450000001
3002.0,,,7.69,8.772871500000003
,,,13.95,22.761185000000008
,,,344.02,405.36162050000013
4008.0,,,32.24,28.653227000000015
,,,12.35,21.255074
,,,5.27,11.792438500000008
,,,7.32,7.977102499999997
,,,26.4,25.9792425
,,,20.0,21.32321600000002
,,,242.0,248.37689849999987
3090.0,,,10.12,12.047865499999999
,,,0.139,0.16567949999999992
,,,4.23,7.990796999999997
,,,1.035,1.0775995000000016
,,,13.72,17.501610000000007
1820.0,,,2.14,2.567207000000002
,,,53.05,51.70246749999999
